Date,Price,Open,High,Low,Vol.,Change %
11-Nov-19,1713.16,"1,709.22","1,714.53","1,702.71",-,0.10%
8-Nov-19,1711.51,"1,718.48","1,718.48","1,708.63",-,-0.49%
7-Nov-19,1719.94,"1,720.18","1,726.89","1,718.19",-,0.06%
6-Nov-19,1718.89,"1,714.61","1,722.17","1,713.14",-,0.21%
5-Nov-19,1715.33,"1,721.40","1,722.61","1,712.16",-,-0.51%
4-Nov-19,1724.11,"1,713.87","1,726.89","1,713.37",-,0.87%
1-Nov-19,1709.19,"1,698.90","1,710.07","1,698.90",-,0.81%
31-Oct-19,1695.38,"1,707.58","1,709.40","1,692.36",-,-0.26%
30-Oct-19,1699.87,"1,696.39","1,703.97","1,689.44",-,0.17%
29-Oct-19,1697.03,"1,694.26","1,697.03","1,685.21",-,0.05%
28-Oct-19,1696.12,"1,692.44","1,699.46","1,688.84",-,0.23%
25-Oct-19,1692.16,"1,692.10","1,694.38","1,684.18",-,0.03%
24-Oct-19,1691.67,"1,688.39","1,698.78","1,688.31",-,0.51%
23-Oct-19,1683.14,"1,677.49","1,686.58","1,674.89",-,-0.04%
22-Oct-19,1683.74,"1,683.66","1,688.53","1,675.67",-,-0.01%
21-Oct-19,1683.91,"1,676.14","1,688.47","1,675.22",-,0.69%
18-Oct-19,1672.39,"1,673.07","1,678.94","1,666.84",-,-0.10%
17-Oct-19,1674.10,"1,665.76","1,692.13","1,664.35",-,0.51%
16-Oct-19,1665.65,"1,667.45","1,671.69","1,657.92",-,-0.03%
15-Oct-19,1666.20,"1,652.67","1,670.21","1,649.26",-,1.17%
14-Oct-19,1646.95,"1,650.24","1,650.24","1,637.97",-,-0.57%
11-Oct-19,1656.40,"1,623.18","1,657.74","1,621.52",-,2.45%
10-Oct-19,1616.84,"1,606.65","1,623.07","1,599.02",-,0.92%
9-Oct-19,1602.12,"1,591.85","1,608.71","1,590.34",-,0.64%
8-Oct-19,1591.90,"1,614.45","1,616.05","1,589.98",-,-1.45%
7-Oct-19,1615.34,"1,600.60","1,616.41","1,598.72",-,0.86%
4-Oct-19,1601.51,"1,588.88","1,603.43","1,587.16",-,0.66%
3-Oct-19,1591.03,"1,583.28","1,593.30","1,579.97",-,0.34%
2-Oct-19,1585.57,"1,625.51","1,625.51","1,585.41",-,-2.45%
1-Oct-19,1625.45,"1,642.46","1,648.97","1,625.45",-,-1.18%
30-Sep-19,1644.80,"1,644.95","1,647.53","1,640.28",-,-0.07%
27-Sep-19,1645.95,"1,635.04","1,646.76","1,635.04",-,0.53%
26-Sep-19,1637.33,"1,627.10","1,643.03","1,626.43",-,0.46%
25-Sep-19,1629.82,"1,642.43","1,642.43","1,619.48",-,-0.90%
24-Sep-19,1644.68,"1,646.72","1,649.82","1,644.19",-,-0.03%
23-Sep-19,1645.14,"1,656.90","1,657.75","1,637.72",-,-0.89%
20-Sep-19,1659.86,"1,666.44","1,667.34","1,657.63",-,-0.12%
19-Sep-19,1661.78,"1,649.45","1,664.85","1,647.09",-,0.61%
18-Sep-19,1651.68,"1,650.25","1,654.99","1,645.85",-,0.08%
17-Sep-19,1650.30,"1,643.88","1,654.24","1,640.06",-,0.41%
16-Sep-19,1643.52,"1,656.96","1,658.24","1,643.45",-,-1.34%
13-Sep-19,1665.82,"1,662.44","1,667.51","1,660.53",-,0.76%
12-Sep-19,1653.22,"1,649.17","1,659.86","1,644.47",-,0.48%
11-Sep-19,1645.30,"1,640.97","1,648.34","1,640.31",-,0.41%
10-Sep-19,1638.66,"1,637.17","1,639.83","1,627.00",-,0.04%
9-Sep-19,1638.04,"1,640.54","1,641.84","1,634.85",-,-0.18%
6-Sep-19,1640.96,"1,635.08","1,640.96","1,632.19",-,0.33%
5-Sep-19,1635.51,"1,624.59","1,639.90","1,624.59",-,0.85%
4-Sep-19,1621.71,"1,607.73","1,624.03","1,607.73",-,1.52%
3-Sep-19,1597.41,"1,595.71","1,599.20","1,588.47",-,-0.26%
2-Sep-19,1601.59,"1,601.84","1,607.63","1,600.30",-,-0.06%
30-Aug-19,1602.62,"1,596.09","1,611.34","1,596.09",-,0.19%
29-Aug-19,1599.53,"1,582.65","1,602.66","1,580.97",-,0.97%
28-Aug-19,1584.16,"1,587.92","1,587.92","1,572.64",-,-0.37%
27-Aug-19,1589.98,"1,581.35","1,593.14","1,577.04",-,0.50%
26-Aug-19,1582.06,"1,580.56","1,585.67","1,576.15",-,0.04%
23-Aug-19,1581.43,"1,590.88","1,599.90","1,581.43",-,-0.57%
22-Aug-19,1590.46,"1,594.50","1,600.87","1,586.07",-,-0.51%
21-Aug-19,1598.58,"1,579.88","1,602.31","1,579.88",-,1.26%
20-Aug-19,1578.65,"1,587.84","1,593.66","1,576.10",-,-0.77%
19-Aug-19,1590.83,"1,582.22","1,593.10","1,582.22",-,1.04%
16-Aug-19,1574.38,"1,555.33","1,575.07","1,555.33",-,1.22%
15-Aug-19,1555.44,"1,566.25","1,569.48","1,544.68",-,-0.68%
14-Aug-19,1566.04,"1,597.40","1,597.40","1,560.43",-,-1.98%
13-Aug-19,1597.66,"1,587.83","1,604.55","1,578.70",-,0.30%
12-Aug-19,1592.81,"1,601.51","1,608.33","1,587.92",-,-0.18%
9-Aug-19,1595.72,"1,607.41","1,607.41","1,594.39",-,-0.82%
8-Aug-19,1608.96,"1,590.63","1,611.54","1,590.63",-,1.51%
7-Aug-19,1585.00,"1,580.59","1,593.55","1,576.69",-,0.49%
6-Aug-19,1577.24,"1,585.15","1,596.07","1,576.73",-,-0.43%
5-Aug-19,1584.09,"1,597.32","1,598.88","1,582.15",-,-1.64%
2-Aug-19,1610.45,"1,634.32","1,634.32","1,606.95",-,-2.09%
1-Aug-19,1644.84,"1,630.43","1,649.67","1,629.20",-,-0.26%
31-Jul-19,1649.17,"1,649.00","1,651.51","1,638.16",-,0.12%
30-Jul-19,1647.17,"1,669.03","1,669.03","1,644.78",-,-1.36%
29-Jul-19,1669.84,"1,663.67","1,675.74","1,663.46",-,0.13%
26-Jul-19,1667.70,"1,664.43","1,670.78","1,662.49",-,0.02%
25-Jul-19,1667.31,"1,675.71","1,684.30","1,662.35",-,-0.44%
24-Jul-19,1674.63,"1,675.45","1,676.69","1,668.24",-,-0.02%
23-Jul-19,1675.02,"1,667.07","1,681.96","1,667.07",-,0.35%
22-Jul-19,1669.18,"1,666.77","1,671.34","1,664.38",-,0.13%
19-Jul-19,1666.93,"1,673.34","1,682.10","1,663.98",-,0.13%
18-Jul-19,1664.73,"1,667.03","1,674.03","1,660.36",-,-0.28%
17-Jul-19,1669.41,"1,670.15","1,677.05","1,667.65",-,-0.36%
16-Jul-19,1675.38,"1,673.28","1,676.73","1,669.20",-,0.01%
15-Jul-19,1675.17,"1,673.84","1,681.45","1,668.65",-,0.29%
12-Jul-19,1670.30,"1,672.77","1,675.61","1,668.20",-,0.02%
11-Jul-19,1670.03,"1,677.63","1,681.07","1,668.19",-,-0.12%
10-Jul-19,1672.06,"1,667.62","1,680.92","1,664.70",-,0.20%
9-Jul-19,1668.80,"1,673.74","1,673.74","1,661.39",-,-0.56%
8-Jul-19,1678.14,"1,678.40","1,685.25","1,675.04",-,-0.13%
5-Jul-19,1680.27,"1,699.83","1,699.83","1,674.02",-,-1.24%
4-Jul-19,1701.37,"1,700.34","1,703.40","1,699.08",-,0.11%
3-Jul-19,1699.55,"1,686.22","1,702.27","1,686.22",-,0.69%
2-Jul-19,1687.83,"1,684.24","1,690.73","1,681.43",-,0.12%
1-Jul-19,1685.79,"1,681.82","1,694.27","1,680.61",-,0.19%
28-Jun-19,1682.62,"1,670.07","1,682.62","1,670.07",-,0.83%
27-Jun-19,1668.73,"1,669.24","1,674.86","1,663.17",-,-0.07%
26-Jun-19,1669.93,"1,670.04","1,676.75","1,666.90",-,-0.35%
25-Jun-19,1675.75,"1,679.14","1,679.14","1,669.74",-,-0.17%
24-Jun-19,1678.67,"1,680.87","1,686.05","1,676.89",-,0.36%
21-Jun-19,1672.63,"1,674.06","1,680.63","1,669.74",-,-0.11%
20-Jun-19,1674.39,"1,671.40","1,682.23","1,671.40",-,1.04%
19-Jun-19,1657.19,"1,654.26","1,662.57","1,649.11",-,0.31%
18-Jun-19,1652.13,"1,630.97","1,655.83","1,625.03",-,1.33%
17-Jun-19,1630.39,"1,629.25","1,634.75","1,628.16",-,-0.08%
14-Jun-19,1631.67,"1,643.61","1,643.61","1,628.97",-,-0.83%
13-Jun-19,1645.27,"1,644.20","1,652.97","1,642.24",-,-0.28%
12-Jun-19,1649.87,"1,651.58","1,652.91","1,644.80",-,-0.27%
11-Jun-19,1654.31,"1,645.84","1,660.46","1,645.84",-,0.66%
10-Jun-19,1643.42,"1,638.70","1,644.61","1,638.70",-,0.02%
7-Jun-19,1643.03,"1,617.15","1,647.39","1,616.67",-,1.41%
6-Jun-19,1620.13,"1,612.69","1,626.83","1,612.52",-,0.16%
5-Jun-19,1617.50,"1,611.93","1,623.67","1,611.02",-,0.61%
4-Jun-19,1607.74,"1,598.96","1,612.70","1,592.84",-,0.85%
3-Jun-19,1594.24,"1,574.08","1,602.33","1,568.64",-,0.95%
31-May-19,1579.26,"1,586.97","1,586.97","1,570.45",-,-0.66%
30-May-19,1589.77,"1,586.78","1,592.30","1,586.78",-,0.27%
29-May-19,1585.55,"1,605.24","1,605.24","1,582.59",-,-1.70%
28-May-19,1612.93,"1,618.96","1,621.08","1,609.90",-,-0.35%
27-May-19,1618.66,"1,623.69","1,627.79","1,617.40",-,0.10%
24-May-19,1617.01,"1,607.78","1,620.06","1,607.78",-,1.04%
23-May-19,1600.42,"1,619.46","1,619.46","1,595.91",-,-1.46%
22-May-19,1624.19,"1,623.56","1,632.11","1,617.66",-,-0.37%
21-May-19,1630.26,"1,617.87","1,630.87","1,617.87",-,0.67%
20-May-19,1619.41,"1,632.80","1,638.09","1,612.88",-,-0.98%
17-May-19,1635.37,"1,642.47","1,642.47","1,627.37",-,-0.52%
16-May-19,1643.99,"1,627.19","1,644.60","1,620.95",-,0.95%
15-May-19,1628.55,"1,621.63","1,628.67","1,606.55",-,0.44%
14-May-19,1621.43,"1,608.43","1,622.04","1,608.43",-,0.75%
13-May-19,1609.41,"1,627.28","1,627.36","1,607.10",-,-1.19%
10-May-19,1628.77,"1,625.72","1,638.39","1,625.45",-,0.39%
9-May-19,1622.49,"1,639.91","1,639.91","1,618.43",-,-1.36%
8-May-19,1644.80,"1,641.99","1,647.69","1,633.62",-,0.29%
7-May-19,1640.06,"1,667.06","1,669.54","1,637.68",-,-1.48%
6-May-19,1664.76,"1,665.89","1,666.58","1,652.33",-,-0.80%
3-May-19,1678.23,"1,669.39","1,681.53","1,667.99",-,0.42%
2-May-19,1671.17,"1,681.60","1,683.28","1,669.70",-,-1.00%
1-May-19,1688.04,"1,686.38","1,691.58","1,681.50",-,0.19%
30-Apr-19,1684.77,"1,678.76","1,686.93","1,677.55",-,0.42%
29-Apr-19,1677.66,"1,675.09","1,679.99","1,669.56",-,0.10%
26-Apr-19,1675.97,"1,670.39","1,676.11","1,665.50",-,0.36%
25-Apr-19,1669.91,"1,675.27","1,675.27","1,665.13",-,-0.73%
24-Apr-19,1682.11,"1,684.29","1,689.18","1,673.76",-,-0.19%
23-Apr-19,1685.26,"1,685.72","1,687.44","1,680.47",-,-0.03%
22-Apr-19,1685.76,"1,685.87","1,686.94","1,685.34",-,-0.05%
19-Apr-19,1686.65,"1,686.65","1,686.65","1,686.65",-,0.00%
18-Apr-19,1686.65,"1,690.78","1,690.78","1,678.54",-,-0.30%
17-Apr-19,1691.73,"1,689.38","1,694.32","1,687.23",-,0.17%
16-Apr-19,1688.87,"1,684.90","1,692.55","1,684.66",-,0.20%
15-Apr-19,1685.57,"1,682.69","1,687.87","1,680.84",-,0.07%
12-Apr-19,1684.33,"1,674.81","1,685.92","1,672.39",-,0.52%
11-Apr-19,1675.54,"1,674.63","1,680.45","1,668.00",-,0.26%
10-Apr-19,1671.19,"1,670.72","1,675.69","1,667.36",-,0.07%
9-Apr-19,1670.04,"1,676.25","1,685.01","1,668.93",-,-0.38%
8-Apr-19,1676.34,"1,673.63","1,679.22","1,669.81",-,0.20%
5-Apr-19,1672.98,"1,673.04","1,676.16","1,670.92",-,0.15%
4-Apr-19,1670.46,"1,676.26","1,676.26","1,668.75",-,-0.37%
3-Apr-19,1676.73,"1,665.11","1,679.02","1,665.11",-,1.31%
2-Apr-19,1655.10,"1,648.93","1,660.44","1,648.64",-,0.08%
1-Apr-19,1653.82,"1,642.62","1,656.72","1,642.62",-,1.14%
29-Mar-19,1635.23,"1,624.76","1,637.91","1,624.76",-,0.51%
28-Mar-19,1626.88,"1,629.18","1,638.61","1,623.58",-,-0.30%
27-Mar-19,1631.85,"1,632.58","1,642.35","1,626.69",-,-0.23%
26-Mar-19,1635.62,"1,629.93","1,639.73","1,626.58",-,0.38%
25-Mar-19,1629.38,"1,628.75","1,633.58","1,620.98",-,-0.11%
22-Mar-19,1631.12,"1,668.11","1,671.06","1,629.79",-,-1.90%
21-Mar-19,1662.70,"1,667.76","1,668.63","1,656.96",-,0.07%
20-Mar-19,1661.53,"1,673.34","1,673.55","1,660.45",-,-0.87%
19-Mar-19,1676.09,"1,668.76","1,682.72","1,668.67",-,0.64%
18-Mar-19,1665.40,"1,662.23","1,667.32","1,661.15",-,0.41%
15-Mar-19,1658.64,"1,645.49","1,659.77","1,645.49",-,0.87%
14-Mar-19,1644.37,"1,635.66","1,647.41","1,635.66",-,0.73%
13-Mar-19,1632.46,"1,617.15","1,637.19","1,616.23",-,0.93%
12-Mar-19,1617.36,"1,622.19","1,624.02","1,610.37",-,0.37%
11-Mar-19,1611.32,"1,603.78","1,615.63","1,603.05",-,0.69%
8-Mar-19,1600.25,"1,607.52","1,607.52","1,595.92",-,-0.89%
7-Mar-19,1614.59,"1,631.88","1,631.88","1,607.61",-,-1.17%
6-Mar-19,1633.70,"1,632.36","1,638.81","1,629.37",-,0.07%
5-Mar-19,1632.60,"1,632.68","1,637.86","1,627.45",-,0.01%
4-Mar-19,1632.47,"1,637.08","1,641.19","1,632.18",-,-0.34%
1-Mar-19,1638.02,"1,632.07","1,643.59","1,632.07",-,0.38%
28-Feb-19,1631.85,"1,625.68","1,634.38","1,622.23",-,0.07%
27-Feb-19,1630.68,"1,632.03","1,633.02","1,625.78",-,-0.06%
26-Feb-19,1631.74,"1,624.69","1,637.52","1,617.62",-,0.45%
25-Feb-19,1624.49,"1,623.19","1,629.60","1,622.99",-,0.32%
22-Feb-19,1619.30,"1,616.05","1,622.50","1,614.20",-,0.14%
21-Feb-19,1616.98,"1,619.90","1,624.61","1,612.37",-,-0.30%
20-Feb-19,1621.91,"1,611.41","1,625.54","1,610.97",-,0.80%
19-Feb-19,1609.00,"1,605.32","1,612.39","1,593.64",-,0.05%
18-Feb-19,1608.13,"1,604.87","1,611.90","1,603.45",-,0.58%
15-Feb-19,1598.90,"1,579.43","1,604.54","1,576.25",-,1.31%
14-Feb-19,1578.27,"1,586.79","1,593.40","1,578.27",-,-0.45%
13-Feb-19,1585.37,"1,582.05","1,590.33","1,581.88",-,0.49%
12-Feb-19,1577.71,"1,570.06","1,582.09","1,570.06",-,0.67%
11-Feb-19,1567.21,"1,561.01","1,575.47","1,561.01",-,0.39%
8-Feb-19,1561.19,"1,570.12","1,573.02","1,557.93",-,-0.80%
7-Feb-19,1573.72,"1,594.70","1,595.46","1,571.29",-,-1.66%
6-Feb-19,1600.35,"1,599.32","1,602.20","1,596.01",-,-0.13%
5-Feb-19,1602.36,"1,581.17","1,603.57","1,581.17",-,1.29%
4-Feb-19,1582.00,"1,583.01","1,585.64","1,575.27",-,-0.28%
1-Feb-19,1586.50,"1,579.95","1,588.27","1,575.50",-,0.25%
31-Jan-19,1582.53,"1,586.43","1,594.05","1,572.53",-,0.53%
30-Jan-19,1574.17,"1,566.48","1,583.64","1,566.48",-,0.50%
29-Jan-19,1566.40,"1,557.11","1,574.25","1,556.79",-,0.62%
28-Jan-19,1556.68,"1,562.28","1,565.59","1,554.25",-,-0.64%
25-Jan-19,1566.66,"1,553.27","1,569.81","1,553.27",-,1.00%
24-Jan-19,1551.19,"1,550.20","1,554.69","1,542.76",-,0.02%
23-Jan-19,1550.90,"1,547.47","1,557.92","1,539.81",-,0.12%
22-Jan-19,1549.06,"1,551.54","1,556.30","1,543.74",-,-0.51%
21-Jan-19,1556.94,"1,558.18","1,559.28","1,553.80",-,-0.22%
18-Jan-19,1560.34,"1,540.50","1,562.11","1,540.50",-,1.73%
17-Jan-19,1533.86,"1,531.61","1,538.71","1,524.71",-,-0.11%
16-Jan-19,1535.49,"1,533.79","1,538.63","1,528.55",-,0.12%
15-Jan-19,1533.60,"1,534.74","1,546.15","1,525.01",-,0.04%
14-Jan-19,1532.99,"1,535.23","1,536.07","1,524.00",-,-0.55%
11-Jan-19,1541.53,"1,546.61","1,553.55","1,534.80",-,-0.32%
10-Jan-19,1546.48,"1,540.94","1,546.48","1,531.33",-,0.43%
9-Jan-19,1539.90,"1,530.66","1,546.87","1,530.66",-,1.13%
8-Jan-19,1522.63,"1,511.23","1,531.44","1,511.10",-,0.66%
7-Jan-19,1512.70,"1,516.64","1,518.60","1,504.44",-,0.21%
4-Jan-19,1509.53,"1,472.66","1,511.87","1,472.66",-,2.99%
3-Jan-19,1465.76,"1,470.26","1,474.96","1,459.40",-,-0.58%
2-Jan-19,1474.37,"1,485.65","1,485.65","1,462.24",-,-0.81%
1-Jan-19,1486.40,"1,486.40","1,486.40","1,486.40",-,0.00%
31-Dec-18,1486.40,"1,483.80","1,489.82","1,483.03",-,0.39%
28-Dec-18,1480.57,"1,457.91","1,486.48","1,457.91",-,2.29%
27-Dec-18,1447.41,"1,471.63","1,477.46","1,437.83",-,-1.66%
26-Dec-18,1471.79,"1,470.32","1,472.42","1,464.74",-,-0.14%
25-Dec-18,1473.80,"1,473.80","1,473.80","1,473.80",-,0.00%
24-Dec-18,1473.80,"1,473.91","1,476.70","1,469.23",-,-0.42%
21-Dec-18,1480.01,"1,485.66","1,485.66","1,465.00",-,-0.02%
20-Dec-18,1480.24,"1,496.81","1,497.53","1,476.98",-,-1.47%
19-Dec-18,1502.39,"1,493.98","1,506.88","1,493.98",-,0.80%
18-Dec-18,1490.40,"1,500.67","1,506.61","1,488.94",-,-0.62%
17-Dec-18,1499.76,"1,512.42","1,513.56","1,496.83",-,-0.80%
14-Dec-18,1511.83,"1,525.37","1,525.37","1,500.09",-,-1.07%
13-Dec-18,1528.12,"1,534.99","1,540.32","1,527.56",-,-0.31%
12-Dec-18,1532.80,"1,502.51","1,536.91","1,502.51",-,2.05%
11-Dec-18,1501.99,"1,491.66","1,519.06","1,491.66",-,1.06%
10-Dec-18,1486.19,"1,515.16","1,515.18","1,484.44",-,-2.00%
7-Dec-18,1516.48,"1,506.91","1,533.54","1,506.91",-,0.73%
6-Dec-18,1505.43,"1,541.18","1,541.18","1,498.77",-,-2.74%
5-Dec-18,1547.78,"1,561.59","1,561.59","1,545.49",-,-1.29%
4-Dec-18,1568.05,"1,581.82","1,584.68","1,563.49",-,-0.72%
3-Dec-18,1579.40,"1,574.61","1,597.62","1,574.61",-,1.26%
30-Nov-18,1559.72,"1,570.38","1,570.76","1,557.63",-,-0.72%
29-Nov-18,1571.09,"1,570.39","1,579.25","1,562.42",-,1.15%
28-Nov-18,1553.28,"1,555.75","1,566.92","1,552.42",-,-0.12%
27-Nov-18,1555.13,"1,560.93","1,566.05","1,550.01",-,-0.68%
26-Nov-18,1565.84,"1,551.79","1,572.72","1,551.79",-,1.23%
23-Nov-18,1546.86,"1,550.66","1,555.26","1,537.13",-,-0.22%
22-Nov-18,1550.30,"1,559.25","1,559.25","1,546.29",-,-0.61%
21-Nov-18,1559.82,"1,543.99","1,562.36","1,543.99",-,1.01%
20-Nov-18,1544.24,"1,565.73","1,565.73","1,533.88",-,-1.50%
19-Nov-18,1567.73,"1,575.07","1,586.55","1,566.11",-,-0.24%
16-Nov-18,1571.48,"1,569.11","1,582.12","1,556.28",-,0.49%
15-Nov-18,1563.85,"1,581.95","1,590.32","1,552.49",-,-0.88%
14-Nov-18,1577.79,"1,581.44","1,589.72","1,564.40",-,-0.33%
13-Nov-18,1583.04,"1,569.48","1,586.48","1,568.51",-,0.94%
12-Nov-18,1568.26,"1,585.37","1,593.76","1,564.79",-,-1.83%
9-Nov-18,1597.50,"1,597.78","1,598.41","1,588.10",-,-0.97%
8-Nov-18,1613.18,"1,614.82","1,623.90","1,603.71",-,-0.20%
7-Nov-18,1616.48,"1,600.17","1,623.41","1,600.17",-,1.51%
6-Nov-18,1592.46,"1,599.39","1,601.64","1,588.42",-,-0.18%
5-Nov-18,1595.34,"1,595.27","1,601.75","1,591.18",-,0.09%
2-Nov-18,1593.93,"1,604.82","1,618.39","1,593.42",-,0.09%
1-Nov-18,1592.47,"1,582.47","1,596.41","1,578.86",-,0.97%
31-Oct-18,1577.24,"1,559.68","1,583.30","1,559.68",-,1.43%
30-Oct-18,1555.01,"1,555.93","1,561.74","1,544.55",-,-0.20%
29-Oct-18,1558.19,"1,552.04","1,572.52","1,549.42",-,1.02%
26-Oct-18,1542.44,"1,552.73","1,552.73","1,525.00",-,-0.82%
25-Oct-18,1555.17,"1,546.35","1,557.78","1,535.25",-,0.37%
24-Oct-18,1549.47,"1,563.12","1,571.78","1,546.78",-,-0.81%
23-Oct-18,1562.20,"1,582.37","1,582.37","1,557.95",-,-1.58%
22-Oct-18,1587.28,"1,610.78","1,615.52","1,585.94",-,-0.65%
19-Oct-18,1597.72,"1,593.43","1,602.92","1,582.91",-,0.00%
18-Oct-18,1597.71,"1,605.94","1,618.48","1,592.34",-,-0.87%
17-Oct-18,1611.66,"1,625.71","1,633.00","1,606.12",-,-0.83%
16-Oct-18,1625.20,"1,602.27","1,626.15","1,600.54",-,1.45%
15-Oct-18,1602.03,"1,595.50","1,604.57","1,585.45",-,0.39%
12-Oct-18,1595.80,"1,607.79","1,618.98","1,595.12",-,-0.23%
11-Oct-18,1599.48,"1,619.62","1,619.62","1,596.31",-,-1.77%
10-Oct-18,1628.28,"1,652.05","1,652.05","1,625.76",-,-1.02%
9-Oct-18,1645.10,"1,643.60","1,650.17","1,624.33",-,0.19%
8-Oct-18,1641.93,"1,660.31","1,661.72","1,640.01",-,-1.39%
5-Oct-18,1665.00,"1,679.82","1,679.82","1,663.90",-,-0.94%
4-Oct-18,1680.83,"1,691.62","1,691.62","1,677.10",-,-1.20%
3-Oct-18,1701.30,"1,699.07","1,705.24","1,697.30",-,0.36%
2-Oct-18,1695.28,"1,698.79","1,698.79","1,683.06",-,-0.75%
1-Oct-18,1708.01,"1,702.42","1,716.20","1,702.42",-,-0.07%
28-Sep-18,1709.28,"1,724.25","1,724.25","1,697.48",-,-1.35%
27-Sep-18,1732.74,"1,728.69","1,735.13","1,719.58",-,-0.21%
26-Sep-18,1736.31,"1,734.45","1,742.54","1,727.42",-,-0.01%
25-Sep-18,1736.51,"1,724.80","1,737.57","1,723.09",-,0.42%
24-Sep-18,1729.19,"1,728.92","1,734.54","1,723.25",-,-0.32%
21-Sep-18,1734.81,"1,731.08","1,741.19","1,729.75",-,0.57%
20-Sep-18,1725.05,"1,702.90","1,729.04","1,702.90",-,1.43%
19-Sep-18,1700.77,"1,696.97","1,704.39","1,693.46",-,0.11%
18-Sep-18,1698.88,"1,696.14","1,701.18","1,691.76",-,0.21%
17-Sep-18,1695.38,"1,685.55","1,698.00","1,680.60",-,0.32%
14-Sep-18,1690.03,"1,693.49","1,697.86","1,685.44",-,0.26%
13-Sep-18,1685.57,"1,680.82","1,695.05","1,679.15",-,0.33%
12-Sep-18,1679.97,"1,666.54","1,683.16","1,666.06",-,0.80%
11-Sep-18,1666.63,"1,673.83","1,676.48","1,656.14",-,-0.22%
10-Sep-18,1670.35,"1,654.79","1,674.13","1,653.27",-,0.61%
7-Sep-18,1660.16,"1,668.26","1,669.92","1,649.65",-,-0.32%
6-Sep-18,1665.45,"1,671.11","1,678.71","1,663.15",-,-0.54%
5-Sep-18,1674.56,"1,680.87","1,683.61","1,669.85",-,-0.50%
4-Sep-18,1683.05,"1,700.79","1,704.44","1,676.36",-,-1.29%
3-Sep-18,1705.12,"1,698.20","1,705.14","1,696.94",-,0.03%
31-Aug-18,1704.61,"1,723.11","1,723.11","1,698.06",-,-1.05%
30-Aug-18,1722.65,"1,733.76","1,733.76","1,719.52",-,-0.61%
29-Aug-18,1733.30,"1,727.88","1,736.84","1,720.90",-,0.11%
28-Aug-18,1731.44,"1,731.15","1,738.20","1,727.74",-,0.34%
27-Aug-18,1725.55,"1,706.52","1,728.14","1,706.52",-,0.89%
24-Aug-18,1710.26,"1,701.49","1,711.85","1,700.95",-,0.51%
23-Aug-18,1701.60,"1,703.88","1,708.79","1,696.33",-,-0.39%
22-Aug-18,1708.18,"1,701.04","1,713.34","1,700.28",-,0.64%
21-Aug-18,1697.26,"1,689.66","1,707.19","1,688.78",-,0.98%
20-Aug-18,1680.78,"1,670.72","1,686.69","1,670.72",-,0.78%
17-Aug-18,1667.77,"1,666.45","1,672.51","1,656.99",-,0.07%
16-Aug-18,1666.55,"1,660.69","1,668.93","1,655.92",-,1.16%
15-Aug-18,1647.43,"1,676.50","1,678.49","1,642.57",-,-1.89%
14-Aug-18,1679.17,"1,690.73","1,696.88","1,673.43",-,-0.37%
13-Aug-18,1685.41,"1,684.48","1,690.13","1,674.30",-,-0.39%
10-Aug-18,1692.06,"1,711.18","1,711.18","1,686.32",-,-2.29%
9-Aug-18,1731.79,"1,732.98","1,735.53","1,725.53",-,-0.22%
8-Aug-18,1735.58,"1,737.35","1,739.94","1,730.09",-,-0.10%
7-Aug-18,1737.30,"1,729.54","1,742.83","1,729.54",-,0.78%
6-Aug-18,1723.82,"1,728.83","1,729.53","1,717.15",-,-0.41%
3-Aug-18,1730.84,"1,721.11","1,735.24","1,720.15",-,0.48%
2-Aug-18,1722.51,"1,736.38","1,736.38","1,719.18",-,-1.33%
1-Aug-18,1745.73,"1,756.35","1,757.90","1,743.83",-,-0.72%
31-Jul-18,1758.44,"1,756.57","1,765.55","1,755.11",-,0.13%
30-Jul-18,1756.22,"1,745.85","1,758.80","1,745.43",-,0.21%
27-Jul-18,1752.54,"1,743.57","1,753.72","1,743.50",-,0.34%
26-Jul-18,1746.52,"1,745.14","1,753.36","1,741.26",-,0.66%
25-Jul-18,1735.01,"1,744.80","1,745.16","1,731.78",-,-0.54%
24-Jul-18,1744.49,"1,726.83","1,750.31","1,726.83",-,0.86%
23-Jul-18,1729.60,"1,732.70","1,733.68","1,726.47",-,-0.20%
20-Jul-18,1733.11,"1,726.05","1,737.68","1,715.69",-,0.65%
19-Jul-18,1721.89,"1,726.83","1,729.63","1,718.28",-,-0.46%
18-Jul-18,1729.81,"1,721.02","1,732.46","1,721.02",-,0.23%
17-Jul-18,1725.87,"1,728.98","1,732.86","1,718.39",-,0.03%
16-Jul-18,1725.33,"1,730.67","1,733.42","1,724.06",-,0.01%
13-Jul-18,1725.14,"1,721.33","1,728.36","1,717.05",-,0.05%
12-Jul-18,1724.36,"1,714.32","1,725.59","1,710.65",-,0.45%
11-Jul-18,1716.61,"1,731.64","1,731.64","1,709.47",-,-1.27%
10-Jul-18,1738.74,"1,738.10","1,742.07","1,733.57",-,0.10%
9-Jul-18,1737.00,"1,732.75","1,739.71","1,731.67",-,0.62%
6-Jul-18,1726.31,"1,720.87","1,726.31","1,712.32",-,0.67%
5-Jul-18,1714.88,"1,705.63","1,724.16","1,705.63",-,0.93%
4-Jul-18,1699.10,"1,701.19","1,701.36","1,694.66",-,0.02%
3-Jul-18,1698.70,"1,687.40","1,706.25","1,686.17",-,1.19%
2-Jul-18,1678.76,"1,693.39","1,693.39","1,675.37",-,-1.40%
29-Jun-18,1702.61,"1,691.48","1,708.43","1,691.48",-,1.60%
28-Jun-18,1675.74,"1,677.85","1,687.20","1,669.25",-,-0.91%
27-Jun-18,1691.08,"1,689.13","1,701.17","1,670.89",-,0.17%
26-Jun-18,1688.19,"1,694.12","1,697.36","1,684.22",-,-0.09%
25-Jun-18,1689.65,"1,714.77","1,714.77","1,689.65",-,-1.83%
22-Jun-18,1721.16,"1,700.19","1,721.59","1,700.19",-,1.50%
21-Jun-18,1695.67,"1,701.19","1,710.96","1,691.46",-,-0.64%
20-Jun-18,1706.55,"1,700.24","1,718.00","1,700.24",-,0.38%
19-Jun-18,1700.17,"1,715.07","1,715.07","1,691.08",-,-1.11%
18-Jun-18,1719.29,"1,725.22","1,725.78","1,712.24",-,-0.85%
15-Jun-18,1734.02,"1,744.47","1,747.83","1,731.89",-,-1.27%
14-Jun-18,1756.26,"1,758.28","1,758.97","1,746.26",-,0.18%
13-Jun-18,1753.04,"1,747.54","1,757.03","1,744.33",-,0.05%
12-Jun-18,1752.21,"1,752.33","1,760.92","1,747.45",-,-0.30%
11-Jun-18,1757.56,"1,749.88","1,759.07","1,746.76",-,1.06%
8-Jun-18,1739.06,"1,746.88","1,746.88","1,728.05",-,-0.69%
7-Jun-18,1751.16,"1,752.17","1,764.77","1,747.16",-,0.15%
6-Jun-18,1748.57,"1,740.17","1,749.54","1,738.41",-,0.92%
5-Jun-18,1732.60,"1,742.97","1,749.55","1,732.60",-,-0.56%
4-Jun-18,1742.36,"1,742.33","1,752.79","1,739.48",-,0.58%
1-Jun-18,1732.33,"1,716.18","1,740.39","1,716.18",-,0.88%
31-May-18,1717.22,"1,730.76","1,738.67","1,710.71",-,-0.15%
30-May-18,1719.79,"1,709.87","1,725.46","1,706.19",-,0.71%
29-May-18,1707.66,"1,724.11","1,724.56","1,695.73",-,-1.81%
28-May-18,1739.22,"1,756.14","1,762.42","1,735.67",-,-0.59%
25-May-18,1749.62,"1,760.58","1,767.80","1,742.27",-,-0.47%
24-May-18,1757.96,"1,769.36","1,776.79","1,752.93",-,-0.41%
23-May-18,1765.11,"1,788.78","1,788.78","1,760.67",-,-1.73%
22-May-18,1796.15,"1,791.98","1,801.82","1,791.56",-,0.43%
21-May-18,1788.38,"1,780.52","1,792.98","1,780.52",-,0.16%
18-May-18,1785.56,"1,794.65","1,794.65","1,781.96",-,-0.45%
17-May-18,1793.68,"1,783.84","1,796.42","1,782.07",-,0.69%
16-May-18,1781.41,"1,787.41","1,791.27","1,776.74",-,-0.44%
15-May-18,1789.27,"1,794.47","1,798.99","1,779.38",-,-0.82%
14-May-18,1804.10,"1,801.42","1,805.78","1,799.20",-,0.22%
11-May-18,1800.06,"1,792.47","1,801.98","1,791.58",-,0.64%
10-May-18,1788.53,"1,787.43","1,795.53","1,785.21",-,0.09%
9-May-18,1786.99,"1,773.13","1,787.53","1,773.13",-,0.67%
8-May-18,1775.11,"1,782.39","1,784.68","1,767.51",-,-0.39%
7-May-18,1782.09,"1,774.87","1,784.48","1,773.36",-,0.47%
4-May-18,1773.76,"1,769.75","1,778.25","1,762.20",-,0.50%
3-May-18,1764.99,"1,779.72","1,782.51","1,762.73",-,-0.80%
2-May-18,1779.15,"1,777.54","1,788.30","1,775.95",-,0.34%
1-May-18,1773.10,"1,786.25","1,787.23","1,772.41",-,-0.88%
30-Apr-18,1788.79,"1,788.00","1,792.82","1,783.33",-,0.02%
27-Apr-18,1788.36,"1,783.46","1,790.97","1,779.39",-,0.16%
26-Apr-18,1785.44,"1,777.50","1,789.61","1,774.88",-,0.43%
25-Apr-18,1777.76,"1,786.96","1,788.22","1,770.79",-,-1.10%
24-Apr-18,1797.46,"1,794.84","1,801.67","1,791.35",-,-0.03%
23-Apr-18,1798.02,"1,799.77","1,800.31","1,789.85",-,-0.14%
20-Apr-18,1800.48,"1,805.39","1,809.02","1,795.26",-,-0.71%
19-Apr-18,1813.27,"1,815.56","1,818.65","1,805.02",-,-0.09%
18-Apr-18,1814.82,"1,806.96","1,816.04","1,805.77",-,0.56%
17-Apr-18,1804.64,"1,801.22","1,808.28","1,799.97",-,0.64%
16-Apr-18,1793.16,"1,794.65","1,800.43","1,792.52",-,-0.08%
13-Apr-18,1794.59,"1,794.97","1,801.48","1,791.21",-,0.17%
12-Apr-18,1791.51,"1,786.55","1,793.64","1,780.89",-,0.11%
11-Apr-18,1789.58,"1,795.53","1,796.84","1,784.49",-,-0.31%
10-Apr-18,1795.21,"1,784.09","1,796.43","1,783.45",-,1.16%
9-Apr-18,1774.59,"1,771.84","1,778.01","1,768.22",-,0.54%
6-Apr-18,1765.12,"1,758.38","1,772.86","1,756.01",-,-0.09%
5-Apr-18,1766.64,"1,749.71","1,768.41","1,749.71",-,1.83%
4-Apr-18,1734.92,"1,738.35","1,739.96","1,718.28",-,-0.22%
3-Apr-18,1738.71,"1,744.06","1,746.55","1,732.73",-,-0.80%
2-Apr-18,1752.65,"1,755.14","1,755.44","1,749.22",-,0.12%
30-Mar-18,1750.54,"1,750.54","1,750.54","1,750.54",-,0.00%
29-Mar-18,1750.54,"1,746.48","1,760.23","1,745.57",-,0.00%
28-Mar-18,1750.57,"1,737.06","1,750.63","1,726.66",-,0.13%
27-Mar-18,1748.24,"1,754.90","1,762.12","1,744.11",-,0.83%
26-Mar-18,1733.83,"1,737.16","1,752.63","1,728.74",-,-0.03%
23-Mar-18,1734.29,"1,730.86","1,741.21","1,717.21",-,-0.50%
22-Mar-18,1743.07,"1,766.59","1,773.07","1,732.69",-,-1.21%
21-Mar-18,1764.37,"1,769.34","1,775.32","1,760.86",-,-0.18%
20-Mar-18,1767.56,"1,772.07","1,774.63","1,761.07",-,0.05%
19-Mar-18,1766.61,"1,774.17","1,778.94","1,761.95",-,-0.70%
16-Mar-18,1779.14,"1,778.68","1,786.74","1,776.88",-,-0.07%
15-Mar-18,1780.47,"1,782.11","1,786.17","1,774.02",-,0.19%
14-Mar-18,1777.04,"1,781.97","1,790.71","1,774.36",-,-0.44%
13-Mar-18,1784.95,"1,791.86","1,798.39","1,781.01",-,-0.37%
12-Mar-18,1791.49,"1,795.47","1,798.12","1,786.93",-,0.25%
9-Mar-18,1787.07,"1,777.90","1,788.17","1,774.64",-,0.33%
8-Mar-18,1781.11,"1,774.61","1,785.25","1,770.71",-,0.42%
7-Mar-18,1773.64,"1,760.84","1,777.10","1,759.86",-,0.34%
6-Mar-18,1767.60,"1,763.23","1,779.05","1,763.23",-,0.71%
5-Mar-18,1755.13,"1,728.25","1,758.59","1,728.25",-,1.18%
2-Mar-18,1734.60,"1,755.70","1,755.70","1,731.42",-,-1.06%
1-Mar-18,1753.10,"1,770.95","1,774.41","1,749.72",-,-1.39%
28-Feb-18,1777.75,"1,789.10","1,792.69","1,777.26",-,-1.05%
27-Feb-18,1796.53,"1,817.64","1,820.13","1,793.12",-,-0.58%
26-Feb-18,1807.09,"1,810.20","1,817.78","1,803.11",-,0.44%
23-Feb-18,1799.25,"1,799.53","1,801.08","1,791.80",-,0.02%
22-Feb-18,1798.81,"1,783.54","1,803.14","1,776.98",-,-0.18%
21-Feb-18,1802.10,"1,793.40","1,807.28","1,786.74",-,-0.01%
20-Feb-18,1802.23,"1,794.80","1,804.22","1,787.82",-,0.16%
19-Feb-18,1799.33,"1,816.85","1,817.84","1,796.74",-,-1.04%
16-Feb-18,1818.27,"1,820.06","1,829.29","1,808.94",-,0.83%
15-Feb-18,1803.23,"1,803.19","1,812.87","1,796.12",-,1.08%
14-Feb-18,1783.97,"1,769.50","1,791.24","1,742.20",-,1.45%
13-Feb-18,1758.39,"1,764.39","1,767.75","1,757.20",-,0.02%
12-Feb-18,1758.08,"1,744.86","1,768.27","1,744.86",-,1.43%
9-Feb-18,1733.31,"1,757.32","1,761.89","1,726.70",-,-1.55%
8-Feb-18,1760.52,"1,781.23","1,787.01","1,752.58",-,-1.87%
7-Feb-18,1794.12,"1,783.18","1,800.63","1,775.54",-,1.53%
6-Feb-18,1767.17,"1,775.88","1,794.36","1,761.51",-,-3.04%
5-Feb-18,1822.53,"1,842.09","1,843.28","1,818.00",-,-1.68%
2-Feb-18,1853.73,"1,885.26","1,886.11","1,852.16",-,-1.63%
1-Feb-18,1884.41,"1,894.55","1,903.10","1,876.84",-,-0.45%
31-Jan-18,1892.98,"1,896.68","1,901.17","1,883.64",-,0.17%
30-Jan-18,1889.78,"1,887.30","1,903.30","1,885.83",-,-0.47%
29-Jan-18,1898.71,"1,908.93","1,910.79","1,895.03",-,-0.79%
26-Jan-18,1913.88,"1,911.89","1,919.27","1,910.06",-,-0.07%
25-Jan-18,1915.23,"1,909.75","1,926.27","1,891.79",-,0.42%
24-Jan-18,1907.26,"1,906.36","1,917.72","1,904.59",-,0.20%
23-Jan-18,1903.36,"1,898.95","1,904.49","1,892.73",-,0.49%
22-Jan-18,1894.07,"1,886.90","1,895.41","1,884.59",-,0.54%
19-Jan-18,1883.86,"1,881.44","1,892.21","1,880.33",-,0.41%
18-Jan-18,1876.22,"1,872.30","1,878.70","1,868.59",-,0.17%
17-Jan-18,1873.11,"1,867.35","1,881.91","1,866.37",-,-0.01%
16-Jan-18,1873.24,"1,875.17","1,881.10","1,870.40",-,-0.24%
15-Jan-18,1877.76,"1,870.59","1,880.87","1,867.70",-,0.89%
12-Jan-18,1861.26,"1,844.52","1,868.07","1,843.18",-,1.12%
11-Jan-18,1840.58,"1,832.22","1,842.36","1,827.75",-,0.21%
10-Jan-18,1836.76,"1,833.61","1,839.93","1,830.73",-,0.10%
9-Jan-18,1834.99,"1,832.97","1,836.43","1,829.06",-,0.05%
8-Jan-18,1834.13,"1,834.47","1,838.66","1,831.41",-,-0.22%
5-Jan-18,1838.21,"1,827.41","1,839.72","1,827.41",-,0.60%
4-Jan-18,1827.31,"1,810.52","1,830.45","1,810.52",-,1.34%
3-Jan-18,1803.22,"1,800.94","1,806.02","1,797.34",-,0.29%
2-Jan-18,1797.97,"1,801.03","1,801.03","1,791.71",-,0.07%
1-Jan-18,1796.64,"1,796.64","1,796.64","1,796.64",-,0.00%
29-Dec-17,1796.64,"1,789.53","1,799.68","1,789.53",-,0.51%
28-Dec-17,1787.59,"1,793.90","1,794.02","1,787.00",-,0.11%
27-Dec-17,1785.66,"1,780.01","1,788.45","1,780.01",-,0.40%
26-Dec-17,1778.57,"1,778.53","1,780.24","1,778.30",-,0.14%
25-Dec-17,1776.01,"1,776.01","1,776.01","1,776.01",-,0.00%
22-Dec-17,1776.01,"1,777.63","1,781.16","1,774.63",-,-0.33%
21-Dec-17,1781.90,"1,769.08","1,785.22","1,765.92",-,0.43%
20-Dec-17,1774.30,"1,780.73","1,781.57","1,771.77",-,-0.09%
19-Dec-17,1775.89,"1,783.16","1,787.09","1,775.33",-,-0.46%
18-Dec-17,1784.03,"1,763.03","1,785.43","1,763.03",-,1.55%
15-Dec-17,1756.80,"1,759.87","1,761.62","1,752.49",-,-0.25%
14-Dec-17,1761.17,"1,773.41","1,776.78","1,761.17",-,-0.32%
13-Dec-17,1766.85,"1,766.05","1,775.72","1,764.84",-,-0.01%
12-Dec-17,1766.99,"1,763.55","1,769.03","1,761.05",-,0.13%
11-Dec-17,1764.78,"1,762.97","1,767.54","1,761.07",-,0.35%
8-Dec-17,1758.67,"1,756.87","1,763.78","1,756.76",-,0.39%
7-Dec-17,1751.88,"1,752.28","1,757.13","1,747.38",-,0.03%
6-Dec-17,1751.40,"1,747.12","1,753.53","1,741.89",-,-0.38%
5-Dec-17,1758.08,"1,761.61","1,766.48","1,754.69",-,-0.33%
4-Dec-17,1763.88,"1,747.63","1,769.01","1,747.63",-,0.77%
1-Dec-17,1750.33,"1,770.37","1,772.36","1,750.06",-,-1.17%
30-Nov-17,1771.14,"1,769.10","1,777.47","1,765.20",-,0.26%
29-Nov-17,1766.53,"1,774.95","1,779.55","1,766.41",-,0.08%
28-Nov-17,1765.20,"1,759.85","1,770.10","1,759.85",-,0.18%
27-Nov-17,1762.10,"1,769.83","1,777.31","1,759.31",-,-0.62%
24-Nov-17,1773.07,"1,761.63","1,774.56","1,761.15",-,0.67%
23-Nov-17,1761.28,"1,754.13","1,764.72","1,750.68",-,0.48%
22-Nov-17,1752.94,"1,752.61","1,762.51","1,752.01",-,0.25%
21-Nov-17,1748.62,"1,740.18","1,754.07","1,738.94",-,0.23%
20-Nov-17,1744.61,"1,737.18","1,746.21","1,733.83",-,0.39%
17-Nov-17,1737.91,"1,746.39","1,746.68","1,735.65",-,-0.21%
16-Nov-17,1741.62,"1,735.90","1,743.48","1,735.35",-,0.45%
15-Nov-17,1733.77,"1,737.46","1,739.11","1,728.43",-,-0.10%
14-Nov-17,1735.50,"1,736.48","1,743.21","1,732.19",-,0.12%
13-Nov-17,1733.34,"1,739.84","1,741.51","1,723.91",-,-0.60%
10-Nov-17,1743.85,"1,747.80","1,748.69","1,741.82",-,-0.24%
9-Nov-17,1748.04,"1,761.02","1,761.02","1,742.58",-,-0.56%
8-Nov-17,1757.87,"1,760.29","1,763.45","1,753.99",-,0.07%
7-Nov-17,1756.65,"1,772.78","1,772.78","1,756.43",-,-0.58%
6-Nov-17,1766.89,"1,767.91","1,772.02","1,764.58",-,-0.11%
3-Nov-17,1768.79,"1,771.13","1,775.65","1,764.31",-,-0.24%
2-Nov-17,1773.01,"1,773.80","1,775.77","1,767.47",-,0.07%
1-Nov-17,1771.71,"1,776.59","1,780.46","1,770.52",-,0.05%
31-Oct-17,1770.87,"1,764.14","1,771.27","1,763.14",-,0.40%
30-Oct-17,1763.82,"1,756.66","1,763.82","1,756.08",-,0.66%
27-Oct-17,1752.31,"1,753.75","1,761.57","1,748.24",-,-0.47%
26-Oct-17,1760.60,"1,759.64","1,764.84","1,754.32",-,0.13%
25-Oct-17,1758.26,"1,759.03","1,768.71","1,756.31",-,-0.18%
24-Oct-17,1761.37,"1,765.40","1,767.28","1,760.09",-,-0.20%
23-Oct-17,1764.98,"1,767.15","1,768.69","1,762.29",-,-0.21%
20-Oct-17,1768.65,"1,771.69","1,774.92","1,765.50",-,-0.30%
19-Oct-17,1773.98,"1,776.19","1,776.36","1,762.95",-,0.07%
18-Oct-17,1772.70,"1,766.38","1,776.66","1,764.87",-,0.50%
17-Oct-17,1763.92,"1,770.55","1,771.65","1,763.52",-,-0.61%
16-Oct-17,1774.71,"1,776.33","1,778.42","1,772.11",-,-0.32%
13-Oct-17,1780.36,"1,780.49","1,785.06","1,776.77",-,0.19%
12-Oct-17,1776.90,"1,779.94","1,781.81","1,773.74",-,0.05%
11-Oct-17,1776.08,"1,774.03","1,779.97","1,769.58",-,0.23%
10-Oct-17,1772.04,"1,764.75","1,772.28","1,763.55",-,0.65%
9-Oct-17,1760.51,"1,758.44","1,763.03","1,757.74",-,0.23%
6-Oct-17,1756.39,"1,756.64","1,757.33","1,750.45",-,-0.26%
5-Oct-17,1760.89,"1,761.99","1,764.77","1,757.30",-,-0.21%
4-Oct-17,1764.52,"1,766.88","1,766.88","1,761.07",-,-0.02%
3-Oct-17,1764.94,"1,758.32","1,766.16","1,758.32",-,0.30%
2-Oct-17,1759.61,"1,756.49","1,761.27","1,754.52",-,-0.21%
29-Sep-17,1763.38,"1,752.12","1,763.94","1,749.08",-,0.77%
28-Sep-17,1749.91,"1,741.40","1,751.16","1,737.86",-,0.63%
27-Sep-17,1738.93,"1,738.46","1,744.41","1,736.88",-,-0.11%
26-Sep-17,1740.78,"1,747.28","1,747.73","1,735.83",-,-0.59%
25-Sep-17,1751.04,"1,755.75","1,757.10","1,746.85",-,-0.64%
22-Sep-17,1762.40,"1,760.18","1,765.51","1,757.49",-,0.47%
21-Sep-17,1754.07,"1,748.67","1,759.27","1,748.25",-,-0.35%
20-Sep-17,1760.16,"1,758.10","1,764.82","1,742.76",-,0.11%
19-Sep-17,1758.27,"1,755.96","1,760.57","1,754.31",-,0.24%
18-Sep-17,1754.06,"1,752.59","1,757.10","1,748.40",-,0.26%
15-Sep-17,1749.59,"1,747.93","1,752.77","1,743.42",-,0.46%
14-Sep-17,1741.61,"1,741.20","1,748.48","1,735.51",-,-0.27%
13-Sep-17,1746.35,"1,751.96","1,754.71","1,740.66",-,-0.32%
12-Sep-17,1751.94,"1,749.66","1,754.61","1,747.80",-,0.28%
11-Sep-17,1747.11,"1,735.71","1,751.48","1,735.71",-,0.74%
8-Sep-17,1734.35,"1,733.13","1,738.30","1,730.68",-,0.24%
7-Sep-17,1730.12,"1,717.37","1,733.97","1,714.86",-,0.85%
6-Sep-17,1715.59,"1,703.46","1,718.22","1,702.45",-,0.21%
5-Sep-17,1712.07,"1,712.82","1,716.61","1,708.57",-,-0.05%
4-Sep-17,1712.95,"1,716.77","1,716.77","1,708.18",-,-0.24%
1-Sep-17,1717.12,"1,713.50","1,727.07","1,713.50",-,0.52%
31-Aug-17,1708.24,"1,703.54","1,712.06","1,699.58",-,0.53%
30-Aug-17,1699.31,"1,701.91","1,705.04","1,695.61",-,-0.24%
29-Aug-17,1703.35,"1,708.23","1,708.23","1,693.64",-,-0.55%
28-Aug-17,1712.81,"1,713.20","1,713.77","1,705.37",-,0.35%
25-Aug-17,1706.91,"1,700.05","1,713.14","1,694.21",-,0.45%
24-Aug-17,1699.19,"1,698.57","1,706.01","1,697.31",-,0.09%
23-Aug-17,1697.62,"1,695.05","1,700.57","1,693.90",-,-0.05%
22-Aug-17,1698.46,"1,697.20","1,699.92","1,690.28",-,0.37%
21-Aug-17,1692.17,"1,686.51","1,692.91","1,681.58",-,0.16%
18-Aug-17,1689.47,"1,700.43","1,700.52","1,682.66",-,-0.65%
17-Aug-17,1700.46,"1,709.65","1,712.11","1,698.22",-,-0.26%
16-Aug-17,1704.97,"1,702.52","1,713.93","1,702.52",-,0.54%
15-Aug-17,1695.87,"1,702.31","1,704.46","1,693.29",-,-0.46%
14-Aug-17,1703.69,"1,692.67","1,706.62","1,692.67",-,0.99%
11-Aug-17,1687.02,"1,688.41","1,693.40","1,679.73",-,-0.68%
10-Aug-17,1698.54,"1,709.08","1,709.78","1,693.81",-,-0.97%
9-Aug-17,1715.22,"1,724.09","1,724.09","1,707.64",-,-0.70%
8-Aug-17,1727.28,"1,732.17","1,735.72","1,725.90",-,-0.30%
7-Aug-17,1732.49,"1,731.78","1,736.33","1,729.27",-,0.24%
4-Aug-17,1728.34,"1,728.99","1,735.11","1,726.47",-,-0.11%
3-Aug-17,1730.32,"1,721.31","1,731.97","1,716.72",-,0.29%
2-Aug-17,1725.34,"1,730.18","1,730.26","1,721.36",-,-0.03%
1-Aug-17,1725.84,"1,720.92","1,730.64","1,716.34",-,0.80%
31-Jul-17,1712.13,"1,707.12","1,716.70","1,707.12",-,0.25%
28-Jul-17,1707.81,"1,706.88","1,710.59","1,699.23",-,-0.31%
27-Jul-17,1713.15,"1,722.76","1,727.85","1,710.25",-,0.17%
26-Jul-17,1710.30,"1,702.52","1,724.03","1,702.52",-,0.23%
25-Jul-17,1706.43,"1,697.38","1,717.46","1,696.91",-,0.61%
24-Jul-17,1696.08,"1,702.91","1,703.60","1,691.97",-,-0.37%
21-Jul-17,1702.34,"1,718.85","1,722.17","1,697.79",-,-0.84%
20-Jul-17,1716.70,"1,708.48","1,717.75","1,704.11",-,0.64%
19-Jul-17,1705.82,"1,703.28","1,707.01","1,696.48",-,0.23%
18-Jul-17,1701.99,"1,708.04","1,711.21","1,699.28",-,-0.19%
17-Jul-17,1705.18,"1,705.18","1,708.16","1,698.40",-,0.18%
14-Jul-17,1702.14,"1,695.86","1,705.52","1,692.62",-,0.55%
13-Jul-17,1692.89,"1,695.84","1,698.14","1,690.24",-,0.17%
12-Jul-17,1690.09,"1,672.04","1,692.12","1,672.04",-,1.57%
11-Jul-17,1664.03,"1,672.68","1,676.22","1,664.03",-,-0.37%
10-Jul-17,1670.29,"1,671.18","1,674.05","1,666.72",-,0.34%
7-Jul-17,1664.56,"1,668.59","1,669.69","1,660.43",-,-0.20%
6-Jul-17,1667.91,"1,670.10","1,670.90","1,656.12",-,0.00%
5-Jul-17,1667.85,"1,667.58","1,673.29","1,663.21",-,-0.04%
4-Jul-17,1668.49,"1,670.40","1,673.57","1,667.25",-,-0.45%
3-Jul-17,1676.06,"1,668.92","1,677.26","1,667.58",-,0.77%
30-Jun-17,1663.22,"1,672.88","1,678.79","1,662.11",-,-0.58%
29-Jun-17,1672.85,"1,699.75","1,702.91","1,670.89",-,-0.78%
28-Jun-17,1686.07,"1,677.16","1,688.25","1,671.84",-,0.63%
27-Jun-17,1675.46,"1,675.36","1,684.25","1,664.59",-,0.00%
26-Jun-17,1675.53,"1,673.00","1,683.68","1,671.85",-,0.42%
23-Jun-17,1668.60,"1,667.95","1,671.42","1,659.64",-,0.14%
22-Jun-17,1666.28,"1,663.90","1,667.00","1,657.93",-,0.13%
21-Jun-17,1664.10,"1,662.29","1,667.05","1,651.29",-,-0.06%
20-Jun-17,1665.07,"1,684.26","1,686.70","1,664.35",-,-1.09%
19-Jun-17,1683.41,"1,681.96","1,687.76","1,679.83",-,0.60%
16-Jun-17,1673.42,"1,660.80","1,673.42","1,660.80",-,1.09%
15-Jun-17,1655.40,"1,668.62","1,668.62","1,645.70",-,-1.46%
14-Jun-17,1679.87,"1,679.39","1,692.57","1,668.96",-,0.30%
13-Jun-17,1674.77,"1,669.50","1,678.30","1,668.55",-,0.55%
12-Jun-17,1665.65,"1,677.94","1,677.94","1,664.16",-,-0.77%
9-Jun-17,1678.61,"1,668.22","1,680.54","1,668.22",-,0.03%
8-Jun-17,1678.19,"1,684.40","1,688.29","1,675.00",-,-0.37%
7-Jun-17,1684.47,"1,684.76","1,692.95","1,679.58",-,-0.10%
6-Jun-17,1686.14,"1,693.21","1,693.21","1,683.51",-,-0.54%
5-Jun-17,1695.24,"1,699.04","1,700.18","1,691.65",-,-0.30%
2-Jun-17,1700.41,"1,693.72","1,702.90","1,693.72",-,0.67%
1-Jun-17,1689.06,"1,684.12","1,691.23","1,683.48",-,0.23%
31-May-17,1685.15,"1,676.24","1,693.06","1,674.51",-,0.50%
30-May-17,1676.82,"1,667.02","1,680.24","1,664.16",-,-0.20%
29-May-17,1680.26,"1,679.98","1,682.33","1,677.52",-,-0.07%
26-May-17,1681.40,"1,685.27","1,686.23","1,675.53",-,-0.48%
25-May-17,1689.49,"1,696.04","1,696.70","1,687.54",-,0.19%
24-May-17,1686.28,"1,684.46","1,691.02","1,682.51",-,-0.32%
23-May-17,1691.76,"1,684.67","1,696.99","1,684.67",-,0.05%
22-May-17,1690.95,"1,686.00","1,694.44","1,678.22",-,0.38%
19-May-17,1684.60,"1,666.04","1,687.05","1,666.04",-,1.18%
18-May-17,1664.88,"1,670.11","1,672.11","1,653.24",-,-0.74%
17-May-17,1677.27,"1,682.75","1,687.41","1,672.62",-,-0.60%
16-May-17,1687.37,"1,673.24","1,689.54","1,673.17",-,0.97%
15-May-17,1671.17,"1,665.47","1,671.76","1,662.34",-,0.59%
12-May-17,1661.29,"1,647.19","1,662.39","1,646.83",-,0.83%
11-May-17,1647.69,"1,657.03","1,657.03","1,643.06",-,-0.51%
10-May-17,1656.11,"1,656.19","1,656.82","1,649.46",-,-0.03%
9-May-17,1656.60,"1,654.69","1,660.60","1,652.49",-,0.07%
8-May-17,1655.36,"1,666.38","1,667.47","1,652.63",-,-0.62%
5-May-17,1665.72,"1,647.55","1,667.80","1,645.73",-,1.06%
4-May-17,1648.21,"1,630.21","1,652.91","1,630.17",-,1.03%
3-May-17,1631.40,"1,630.81","1,633.29","1,627.74",-,0.06%
2-May-17,1630.41,"1,622.02","1,633.57","1,621.72",-,0.57%
1-May-17,1621.24,"1,617.65","1,622.17","1,617.44",-,0.13%
28-Apr-17,1619.06,"1,618.56","1,628.02","1,618.27",-,0.01%
27-Apr-17,1618.84,"1,625.32","1,627.30","1,617.18",-,-0.37%
26-Apr-17,1624.92,"1,623.45","1,628.30","1,618.99",-,0.00%
25-Apr-17,1624.95,"1,615.84","1,627.83","1,615.84",-,0.80%
24-Apr-17,1612.08,"1,579.15","1,613.24","1,579.15",-,3.78%
21-Apr-17,1553.43,"1,558.61","1,560.93","1,550.87",-,-0.71%
20-Apr-17,1564.47,"1,553.93","1,566.41","1,553.46",-,0.69%
19-Apr-17,1553.69,"1,552.61","1,558.60","1,551.85",-,0.34%
18-Apr-17,1548.39,"1,561.26","1,561.91","1,542.57",-,-0.90%
17-Apr-17,1562.42,"1,559.32","1,562.86","1,558.16",-,0.43%
14-Apr-17,1555.73,"1,555.73","1,555.73","1,555.73",-,0.00%
13-Apr-17,1555.73,"1,562.05","1,562.28","1,553.50",-,-0.32%
12-Apr-17,1560.77,"1,560.56","1,569.19","1,556.39",-,0.07%
11-Apr-17,1559.64,"1,549.37","1,562.39","1,548.21",-,0.26%
10-Apr-17,1555.63,"1,555.38","1,557.14","1,548.96",-,-0.19%
7-Apr-17,1558.65,"1,556.07","1,559.16","1,551.10",-,-0.24%
6-Apr-17,1562.34,"1,553.20","1,563.64","1,545.24",-,0.10%
5-Apr-17,1560.74,"1,563.26","1,567.83","1,557.17",-,-0.01%
4-Apr-17,1560.92,"1,556.04","1,561.77","1,553.25",-,0.30%
3-Apr-17,1556.22,"1,573.03","1,573.42","1,555.67",-,-0.88%
31-Mar-17,1570.11,"1,563.10","1,572.23","1,560.31",-,-0.23%
30-Mar-17,1573.66,"1,570.42","1,573.66","1,566.17",-,0.36%
29-Mar-17,1568.05,"1,571.08","1,572.70","1,561.82",-,-0.74%
28-Mar-17,1579.70,"1,572.73","1,579.70","1,568.63",-,0.47%
27-Mar-17,1572.26,"1,564.76","1,573.04","1,560.82",-,0.34%
24-Mar-17,1567.00,"1,563.62","1,569.17","1,562.48",-,-0.02%
23-Mar-17,1567.32,"1,556.20","1,567.69","1,551.99",-,0.67%
22-Mar-17,1556.85,"1,555.89","1,560.00","1,545.19",-,-0.49%
21-Mar-17,1564.52,"1,569.95","1,579.13","1,561.13",-,0.01%
20-Mar-17,1564.31,"1,565.37","1,567.64","1,560.84",-,-0.08%
17-Mar-17,1565.51,"1,560.55","1,568.84","1,560.04",-,0.21%
16-Mar-17,1562.29,"1,554.80","1,564.29","1,554.79",-,1.72%
15-Mar-17,1535.90,"1,534.13","1,549.66","1,529.80",-,0.30%
14-Mar-17,1531.24,"1,533.88","1,533.88","1,526.51",-,-0.55%
13-Mar-17,1539.75,"1,538.82","1,541.43","1,534.25",-,0.49%
10-Mar-17,1532.20,"1,525.05","1,537.19","1,525.05",-,0.80%
9-Mar-17,1519.97,"1,510.27","1,523.91","1,508.71",-,0.29%
8-Mar-17,1515.55,"1,513.93","1,519.25","1,510.85",-,-0.17%
7-Mar-17,1518.14,"1,524.23","1,524.37","1,513.41",-,-0.41%
6-Mar-17,1524.46,"1,532.50","1,532.50","1,521.27",-,-0.19%
3-Mar-17,1527.40,"1,517.74","1,533.79","1,514.93",-,0.26%
2-Mar-17,1523.41,"1,525.18","1,527.20","1,518.89",-,-0.28%
1-Mar-17,1527.72,"1,511.20","1,529.76","1,511.09",-,0.84%
28-Feb-17,1514.95,"1,509.88","1,515.81","1,505.52",-,0.31%
27-Feb-17,1510.34,"1,508.81","1,512.67","1,503.60",-,0.26%
24-Feb-17,1506.42,"1,520.24","1,521.11","1,500.88",-,-0.97%
23-Feb-17,1521.23,"1,517.12","1,524.06","1,515.99",-,0.32%
22-Feb-17,1516.42,"1,515.06","1,519.65","1,507.71",-,0.07%
21-Feb-17,1515.43,"1,512.39","1,517.42","1,506.60",-,-0.17%
20-Feb-17,1517.96,"1,520.75","1,521.03","1,514.74",-,0.10%
17-Feb-17,1516.42,"1,519.25","1,521.53","1,507.89",-,-0.36%
16-Feb-17,1521.89,"1,518.04","1,522.72","1,515.48",-,0.53%
15-Feb-17,1513.93,"1,513.04","1,518.69","1,504.66",-,0.44%
14-Feb-17,1507.33,"1,513.41","1,516.28","1,505.97",-,-0.38%
13-Feb-17,1513.14,"1,510.75","1,516.06","1,509.79",-,0.58%
10-Feb-17,1504.46,"1,505.89","1,509.57","1,501.11",-,-0.21%
9-Feb-17,1507.57,"1,501.69","1,509.33","1,501.69",-,0.42%
8-Feb-17,1501.23,"1,494.99","1,501.49","1,491.50",-,0.48%
7-Feb-17,1494.10,"1,489.21","1,499.67","1,486.69",-,-0.22%
6-Feb-17,1497.39,"1,510.76","1,512.02","1,495.45",-,-1.12%
3-Feb-17,1514.33,"1,503.68","1,516.20","1,502.89",-,0.41%
2-Feb-17,1508.11,"1,507.09","1,514.77","1,502.98",-,0.11%
1-Feb-17,1506.45,"1,505.89","1,514.65","1,503.28",-,0.36%
31-Jan-17,1501.03,"1,496.83","1,507.46","1,496.36",-,0.39%
30-Jan-17,1495.17,"1,514.66","1,514.68","1,491.35",-,-1.18%
27-Jan-17,1513.06,"1,511.71","1,514.06","1,506.72",-,0.01%
26-Jan-17,1512.89,"1,521.36","1,527.39","1,510.24",-,-0.45%
25-Jan-17,1519.80,"1,506.43","1,521.50","1,506.25",-,1.18%
24-Jan-17,1502.12,"1,496.30","1,503.50","1,494.90",-,0.36%
23-Jan-17,1496.70,"1,497.98","1,499.49","1,490.86",-,-0.05%
20-Jan-17,1497.49,"1,491.90","1,499.10","1,487.02",-,0.82%
19-Jan-17,1485.37,"1,489.43","1,493.54","1,483.62",-,-0.84%
18-Jan-17,1497.94,"1,492.18","1,498.30","1,488.59",-,0.18%
17-Jan-17,1495.32,"1,489.66","1,501.26","1,484.66",-,0.66%
16-Jan-17,1485.56,"1,492.72","1,494.88","1,483.73",-,-0.99%
13-Jan-17,1500.41,"1,487.45","1,503.31","1,486.62",-,0.68%
12-Jan-17,1490.30,"1,496.52","1,499.86","1,484.11",-,1.11%
11-Jan-17,1473.99,"1,484.01","1,495.36","1,473.99",-,-0.92%
10-Jan-17,1487.65,"1,485.16","1,488.17","1,481.61",-,0.46%
9-Jan-17,1480.84,"1,481.78","1,485.73","1,473.90",-,-0.69%
6-Jan-17,1491.18,"1,492.13","1,492.56","1,484.27",-,-0.26%
5-Jan-17,1495.10,"1,484.94","1,495.82","1,478.36",-,1.27%
4-Jan-17,1476.38,"1,468.91","1,479.94","1,468.38",-,0.77%
3-Jan-17,1465.15,"1,467.23","1,477.01","1,464.78",-,-0.86%
2-Jan-17,1477.92,"1,468.02","1,477.92","1,465.22",-,0.46%
30-Dec-16,1471.08,"1,463.47","1,473.09","1,458.79",-,0.89%
29-Dec-16,1458.15,"1,457.15","1,459.40","1,450.02",-,0.55%
28-Dec-16,1450.15,"1,456.28","1,456.28","1,447.20",-,-0.31%
27-Dec-16,1454.68,"1,452.51","1,455.53","1,452.51",-,0.09%
26-Dec-16,1453.34,"1,453.34","1,453.34","1,453.34",-,0.00%
23-Dec-16,1453.34,"1,450.67","1,453.34","1,448.89",-,0.08%
22-Dec-16,1452.21,"1,452.63","1,454.20","1,448.74",-,0.00%
21-Dec-16,1452.18,"1,451.06","1,452.73","1,446.35",-,0.30%
20-Dec-16,1447.83,"1,443.61","1,450.71","1,442.01",-,-0.07%
19-Dec-16,1448.86,"1,452.90","1,453.73","1,444.70",-,-0.18%
16-Dec-16,1451.52,"1,446.55","1,454.26","1,443.46",-,0.62%
15-Dec-16,1442.51,"1,442.24","1,447.13","1,433.18",-,-1.39%
14-Dec-16,1462.80,"1,468.54","1,468.59","1,442.95",-,-0.38%
13-Dec-16,1468.32,"1,451.08","1,470.62","1,449.33",-,1.37%
12-Dec-16,1448.41,"1,449.33","1,453.64","1,445.60",-,0.26%
9-Dec-16,1444.72,"1,442.43","1,447.49","1,441.24",-,0.22%
8-Dec-16,1441.49,"1,445.27","1,456.13","1,438.35",-,-0.21%
7-Dec-16,1444.57,"1,423.60","1,445.09","1,422.83",-,1.39%
6-Dec-16,1424.70,"1,416.91","1,427.67","1,416.42",-,0.91%
5-Dec-16,1411.92,"1,392.75","1,419.27","1,387.51",-,1.18%
2-Dec-16,1395.45,"1,399.91","1,400.60","1,383.13",-,0.02%
1-Dec-16,1395.19,"1,401.87","1,402.12","1,389.68",-,-0.24%
30-Nov-16,1398.61,"1,394.81","1,407.13","1,392.95",-,0.27%
29-Nov-16,1394.80,"1,386.86","1,397.54","1,382.51",-,0.61%
28-Nov-16,1386.31,"1,405.73","1,406.83","1,384.18",-,-0.98%
25-Nov-16,1400.05,"1,394.29","1,400.72","1,392.20",-,0.58%
24-Nov-16,1392.03,"1,387.68","1,392.68","1,383.36",-,0.62%
23-Nov-16,1383.46,"1,395.19","1,399.04","1,378.32",-,-0.60%
22-Nov-16,1391.88,"1,391.87","1,404.78","1,391.86",-,-0.07%
21-Nov-16,1392.89,"1,388.01","1,396.11","1,380.06",-,0.76%
18-Nov-16,1382.41,"1,392.51","1,397.19","1,382.41",-,-1.32%
17-Nov-16,1400.85,"1,395.16","1,402.91","1,393.18",-,0.62%
16-Nov-16,1392.25,"1,405.94","1,408.33","1,390.98",-,-0.72%
15-Nov-16,1402.29,"1,406.00","1,411.75","1,396.94",-,0.35%
14-Nov-16,1397.39,"1,404.79","1,417.83","1,396.09",-,-1.04%
11-Nov-16,1412.03,"1,427.05","1,433.27","1,407.24",-,-0.61%
10-Nov-16,1420.69,"1,440.30","1,451.78","1,415.61",-,-0.92%
9-Nov-16,1433.94,"1,441.94","1,441.94","1,403.25",-,0.53%
8-Nov-16,1426.45,"1,423.01","1,428.05","1,417.81",-,0.47%
7-Nov-16,1419.78,"1,411.53","1,421.84","1,411.53",-,0.74%
4-Nov-16,1409.36,"1,411.82","1,412.32","1,401.51",-,-0.53%
3-Nov-16,1416.93,"1,418.62","1,426.14","1,416.30",-,-0.26%
2-Nov-16,1420.64,"1,425.50","1,429.51","1,416.47",-,-0.51%
1-Nov-16,1427.87,"1,442.35","1,442.93","1,427.08",-,-0.30%
31-Oct-16,1432.15,"1,436.27","1,436.63","1,426.60",-,-0.26%
28-Oct-16,1435.84,"1,430.50","1,444.01","1,423.69",-,-0.20%
27-Oct-16,1438.71,"1,433.56","1,443.74","1,428.92",-,0.07%
26-Oct-16,1437.76,"1,439.29","1,439.64","1,431.06",-,0.13%
25-Oct-16,1435.88,"1,445.69","1,449.83","1,434.81",-,-0.52%
24-Oct-16,1443.41,"1,448.17","1,455.11","1,442.12",-,0.12%
21-Oct-16,1441.72,"1,447.82","1,449.95","1,438.04",-,-0.51%
20-Oct-16,1449.18,"1,450.89","1,454.12","1,443.98",-,-0.14%
19-Oct-16,1451.15,"1,447.42","1,453.42","1,443.69",-,0.28%
18-Oct-16,1447.05,"1,440.79","1,451.60","1,440.56",-,1.32%
17-Oct-16,1428.19,"1,434.78","1,437.51","1,427.86",-,-0.86%
14-Oct-16,1440.61,"1,430.53","1,448.46","1,430.53",-,1.05%
13-Oct-16,1425.71,"1,428.10","1,430.32","1,417.08",-,-0.74%
12-Oct-16,1436.27,"1,446.73","1,449.66","1,435.26",-,-0.89%
11-Oct-16,1449.21,"1,462.23","1,465.97","1,443.72",-,-1.40%
10-Oct-16,1469.81,"1,460.13","1,471.15","1,453.86",-,0.55%
7-Oct-16,1461.76,"1,464.69","1,467.24","1,454.25",-,-0.80%
6-Oct-16,1473.61,"1,482.25","1,488.50","1,469.89",-,-0.67%
5-Oct-16,1483.59,"1,481.28","1,486.45","1,477.36",-,-0.14%
4-Oct-16,1485.69,"1,475.29","1,495.38","1,475.04",-,0.35%
3-Oct-16,1480.49,"1,477.85","1,485.51","1,476.97",-,-0.10%
30-Sep-16,1481.94,"1,477.91","1,484.69","1,446.35",-,0.14%
29-Sep-16,1479.88,"1,489.35","1,492.87","1,475.75",-,0.31%
28-Sep-16,1475.28,"1,469.20","1,481.10","1,468.64",-,0.85%
27-Sep-16,1462.85,"1,475.88","1,478.08","1,453.33",-,-0.58%
26-Sep-16,1471.35,"1,482.03","1,482.03","1,465.79",-,-1.14%
23-Sep-16,1488.39,"1,493.36","1,493.36","1,484.25",-,-0.89%
22-Sep-16,1501.77,"1,484.36","1,507.92","1,484.36",-,2.53%
21-Sep-16,1464.75,"1,471.48","1,475.96","1,463.97",-,0.17%
20-Sep-16,1462.33,"1,464.57","1,471.34","1,462.06",-,-0.19%
19-Sep-16,1465.10,"1,450.92","1,465.66","1,450.92",-,1.22%
16-Sep-16,1447.40,"1,469.91","1,470.49","1,443.42",-,-1.48%
15-Sep-16,1469.14,"1,457.01","1,471.17","1,456.30",-,0.52%
14-Sep-16,1461.53,"1,466.25","1,468.89","1,458.14",-,-0.06%
13-Sep-16,1462.36,"1,476.25","1,483.12","1,458.33",-,-0.84%
12-Sep-16,1474.68,"1,484.36","1,484.36","1,461.64",-,-0.87%
9-Sep-16,1487.55,"1,507.45","1,510.24","1,485.17",-,-1.64%
8-Sep-16,1512.37,"1,514.05","1,522.03","1,502.96",-,-0.06%
7-Sep-16,1513.23,"1,510.87","1,515.87","1,505.21",-,0.36%
6-Sep-16,1507.84,"1,506.00","1,510.32","1,501.09",-,0.45%
5-Sep-16,1501.04,"1,505.09","1,509.94","1,500.90",-,-0.10%
2-Sep-16,1502.61,"1,480.57","1,504.04","1,477.40",-,1.73%
1-Sep-16,1477.00,"1,476.05","1,485.69","1,472.86",-,0.47%
31-Aug-16,1470.06,"1,475.34","1,481.97","1,470.06",-,-0.48%
30-Aug-16,1477.11,"1,473.19","1,481.61","1,473.19",-,0.32%
29-Aug-16,1472.34,"1,474.99","1,476.41","1,466.78",-,-1.15%
26-Aug-16,1489.48,"1,483.92","1,498.85","1,477.12",-,0.50%
25-Aug-16,1482.01,"1,489.10","1,489.10","1,476.54",-,-0.54%
24-Aug-16,1490.05,"1,488.69","1,497.43","1,481.55",-,-0.27%
23-Aug-16,1494.15,"1,483.87","1,497.92","1,483.87",-,0.85%
22-Aug-16,1481.62,"1,476.07","1,489.49","1,472.25",-,0.08%
19-Aug-16,1480.45,"1,494.24","1,494.24","1,473.87",-,-0.83%
18-Aug-16,1492.83,"1,481.05","1,496.57","1,480.23",-,1.15%
17-Aug-16,1475.84,"1,488.20","1,492.18","1,472.71",-,-0.68%
16-Aug-16,1485.88,"1,489.78","1,497.97","1,483.34",-,-0.23%
15-Aug-16,1489.37,"1,485.74","1,492.53","1,485.17",-,0.18%
12-Aug-16,1486.63,"1,485.36","1,490.70","1,483.16",-,-0.19%
11-Aug-16,1489.42,"1,476.28","1,489.42","1,469.54",-,0.92%
10-Aug-16,1475.80,"1,477.61","1,480.77","1,470.04",-,0.26%
9-Aug-16,1472.02,"1,452.27","1,473.26","1,451.00",-,1.26%
8-Aug-16,1453.75,"1,454.88","1,461.49","1,451.87",-,0.08%
5-Aug-16,1452.52,"1,445.75","1,456.80","1,444.73",-,0.42%
4-Aug-16,1446.47,"1,436.64","1,448.00","1,436.44",-,0.38%
3-Aug-16,1441.01,"1,444.95","1,449.05","1,437.79",-,-0.40%
2-Aug-16,1446.76,"1,460.42","1,460.42","1,442.38",-,-0.88%
1-Aug-16,1459.65,"1,467.54","1,476.79","1,455.94",-,-0.70%
29-Jul-16,1469.94,"1,450.82","1,469.94","1,450.82",-,1.60%
28-Jul-16,1446.83,"1,461.01","1,467.98","1,446.61",-,-0.17%
27-Jul-16,1449.28,"1,443.91","1,460.00","1,443.91",-,0.44%
26-Jul-16,1442.88,"1,441.43","1,449.07","1,435.65",-,0.22%
25-Jul-16,1439.69,"1,439.84","1,450.72","1,435.98",-,0.07%
22-Jul-16,1438.64,"1,444.94","1,447.26","1,436.41",-,-0.23%
21-Jul-16,1441.91,"1,449.55","1,451.54","1,438.40",-,-0.17%
20-Jul-16,1444.37,"1,426.89","1,446.50","1,426.89",-,1.00%
19-Jul-16,1430.11,"1,441.73","1,442.39","1,427.30",-,-0.91%
18-Jul-16,1443.18,"1,439.40","1,449.48","1,434.79",-,0.15%
15-Jul-16,1440.95,"1,451.51","1,453.76","1,436.32",-,-0.46%
14-Jul-16,1447.57,"1,437.87","1,456.42","1,437.87",-,0.78%
13-Jul-16,1436.30,"1,435.76","1,443.57","1,429.61",-,0.18%
12-Jul-16,1433.77,"1,422.42","1,439.19","1,421.64",-,1.27%
11-Jul-16,1415.79,"1,400.12","1,417.63","1,392.63",-,1.66%
8-Jul-16,1392.65,"1,376.15","1,394.64","1,371.64",-,1.22%
7-Jul-16,1375.84,"1,365.77","1,388.64","1,365.77",-,1.05%
6-Jul-16,1361.48,"1,381.21","1,384.54","1,352.79",-,-2.02%
5-Jul-16,1389.55,"1,410.98","1,410.98","1,384.71",-,-1.84%
4-Jul-16,1415.55,"1,428.19","1,430.38","1,413.73",-,-0.64%
1-Jul-16,1424.63,"1,409.00","1,428.51","1,407.69",-,0.90%
30-Jun-16,1411.93,"1,393.68","1,411.93","1,381.58",-,1.12%
29-Jun-16,1396.35,"1,350.04","1,396.46","1,350.04",-,3.62%
28-Jun-16,1347.51,"1,317.85","1,362.07","1,317.85",-,3.20%
27-Jun-16,1305.76,"1,352.35","1,362.28","1,302.00",-,-5.09%
24-Jun-16,1375.84,"1,425.53","1,425.53","1,359.96",-,-8.77%
23-Jun-16,1508.10,"1,484.03","1,521.74","1,484.03",-,2.10%
22-Jun-16,1477.09,"1,469.11","1,487.86","1,467.39",-,0.47%
21-Jun-16,1470.12,"1,467.97","1,477.61","1,461.35",-,0.14%
20-Jun-16,1468.13,"1,422.41","1,471.51","1,421.03",-,4.42%
17-Jun-16,1406.04,"1,387.52","1,412.03","1,387.52",-,2.26%
16-Jun-16,1374.98,"1,396.28","1,396.28","1,361.31",-,-1.42%
15-Jun-16,1394.83,"1,381.13","1,402.46","1,381.13",-,1.21%
14-Jun-16,1378.21,"1,408.94","1,408.94","1,377.37",-,-2.71%
13-Jun-16,1416.63,"1,435.63","1,435.79","1,409.30",-,-1.76%
10-Jun-16,1442.02,"1,478.55","1,478.55","1,433.74",-,-2.65%
9-Jun-16,1481.23,"1,503.85","1,503.85","1,479.30",-,-1.57%
8-Jun-16,1504.90,"1,507.19","1,508.11","1,498.89",-,-0.10%
7-Jun-16,1506.42,"1,492.31","1,513.80","1,492.31",-,1.05%
6-Jun-16,1490.82,"1,479.00","1,494.11","1,479.00",-,0.65%
3-Jun-16,1481.23,"1,470.47","1,485.19","1,470.47",-,0.65%
2-Jun-16,1471.73,"1,474.54","1,481.61","1,468.24",-,-0.05%
1-Jun-16,1472.47,"1,478.11","1,480.84","1,466.32",-,-0.59%
31-May-16,1481.20,"1,493.94","1,496.44","1,478.02",-,-0.84%
30-May-16,1493.73,"1,488.87","1,494.11","1,488.76",-,0.20%
27-May-16,1490.71,"1,493.48","1,496.24","1,487.08",-,-0.27%
26-May-16,1494.79,"1,490.25","1,497.75","1,487.54",-,0.48%
25-May-16,1487.65,"1,479.64","1,490.37","1,477.46",-,1.20%
24-May-16,1470.08,"1,443.88","1,473.17","1,437.12",-,1.87%
23-May-16,1443.14,"1,454.38","1,456.47","1,441.45",-,-0.59%
20-May-16,1451.73,"1,433.97","1,454.47","1,433.97",-,1.29%
19-May-16,1433.21,"1,447.49","1,447.49","1,432.56",-,-1.81%
18-May-16,1459.64,"1,447.97","1,461.11","1,439.09",-,0.33%
17-May-16,1454.85,"1,461.75","1,472.39","1,448.91",-,0.03%
16-May-16,1454.47,"1,448.42","1,455.04","1,443.57",-,0.31%
13-May-16,1449.96,"1,439.43","1,452.85","1,435.40",-,-0.45%
12-May-16,1456.50,"1,457.62","1,475.80","1,449.76",-,-0.78%
11-May-16,1467.93,"1,468.23","1,469.92","1,456.55",-,-0.11%
10-May-16,1469.61,"1,456.52","1,475.93","1,456.52",-,0.89%
9-May-16,1456.63,"1,452.76","1,471.37","1,451.83",-,0.21%
6-May-16,1453.53,"1,456.05","1,456.05","1,437.96",-,-0.13%
5-May-16,1455.49,"1,463.42","1,466.79","1,453.22",-,-0.48%
4-May-16,1462.45,"1,480.87","1,482.51","1,461.39",-,-1.40%
3-May-16,1483.14,"1,514.86","1,514.86","1,481.19",-,-1.67%
2-May-16,1508.39,"1,503.53","1,510.65","1,498.70",-,0.45%
29-Apr-16,1501.57,"1,513.71","1,514.33","1,498.09",-,-0.98%
28-Apr-16,1516.38,"1,518.29","1,521.73","1,495.64",-,0.20%
27-Apr-16,1513.28,"1,510.44","1,516.82","1,505.63",-,0.32%
26-Apr-16,1508.39,"1,499.30","1,513.86","1,499.30",-,0.53%
25-Apr-16,1500.47,"1,506.41","1,508.02","1,493.98",-,-0.35%
22-Apr-16,1505.75,"1,517.75","1,517.75","1,502.49",-,-0.77%
21-Apr-16,1517.45,"1,522.50","1,526.94","1,510.57",-,-0.69%
20-Apr-16,1528.01,"1,523.84","1,528.23","1,516.85",-,0.12%
19-Apr-16,1526.19,"1,500.37","1,527.75","1,500.37",-,1.92%
18-Apr-16,1497.38,"1,478.03","1,498.46","1,466.75",-,0.68%
15-Apr-16,1487.21,"1,488.58","1,490.67","1,480.70",-,-0.03%
14-Apr-16,1487.73,"1,480.69","1,491.50","1,475.79",-,0.15%
13-Apr-16,1485.57,"1,460.42","1,486.70","1,458.32",-,1.74%
12-Apr-16,1460.17,"1,456.90","1,464.06","1,446.40",-,-0.02%
11-Apr-16,1460.49,"1,453.08","1,465.48","1,439.40",-,0.63%
8-Apr-16,1451.34,"1,428.97","1,452.28","1,427.84",-,1.40%
7-Apr-16,1431.27,"1,446.75","1,451.93","1,428.10",-,-0.68%
6-Apr-16,1441.04,"1,428.79","1,447.72","1,424.64",-,0.76%
5-Apr-16,1430.20,"1,457.58","1,458.34","1,426.24",-,-1.96%
4-Apr-16,1458.77,"1,452.05","1,466.92","1,446.65",-,0.73%
1-Apr-16,1448.14,"1,472.12","1,473.08","1,438.44",-,-1.77%
31-Mar-16,1474.19,"1,479.37","1,479.87","1,464.58",-,-0.75%
30-Mar-16,1485.36,"1,458.16","1,488.92","1,457.74",-,2.87%
29-Mar-16,1443.90,"1,439.14","1,458.18","1,436.99",-,0.13%
28-Mar-16,1441.98,"1,440.12","1,442.11","1,439.22",-,0.54%
25-Mar-16,1434.20,"1,434.20","1,434.20","1,434.20",-,0.00%
24-Mar-16,1434.20,"1,455.43","1,455.89","1,431.54",-,-1.60%
23-Mar-16,1457.52,"1,460.17","1,469.93","1,451.14",-,-0.54%
22-Mar-16,1465.46,"1,469.66","1,470.43","1,440.84",-,-0.46%
21-Mar-16,1472.20,"1,474.37","1,483.90","1,462.96",-,-0.54%
18-Mar-16,1480.20,"1,476.80","1,482.90","1,470.96",-,0.05%
17-Mar-16,1479.51,"1,469.43","1,482.75","1,456.88",-,2.10%
16-Mar-16,1449.01,"1,449.08","1,468.57","1,440.67",-,-0.28%
15-Mar-16,1453.15,"1,466.37","1,467.79","1,448.92",-,-1.09%
14-Mar-16,1469.16,"1,464.51","1,477.29","1,463.15",-,0.23%
11-Mar-16,1465.81,"1,442.66","1,469.87","1,442.66",-,2.74%
10-Mar-16,1426.72,"1,429.46","1,455.95","1,425.66",-,-0.51%
9-Mar-16,1434.03,"1,425.53","1,440.50","1,423.80",-,0.13%
8-Mar-16,1432.20,"1,443.72","1,444.70","1,423.07",-,-0.36%
7-Mar-16,1437.44,"1,441.44","1,443.56","1,423.05",-,-0.46%
4-Mar-16,1444.08,"1,425.62","1,446.32","1,424.45",-,1.40%
3-Mar-16,1424.13,"1,420.38","1,428.18","1,412.49",-,0.51%
2-Mar-16,1416.88,"1,412.54","1,423.46","1,405.52",-,0.44%
1-Mar-16,1410.68,"1,392.32","1,413.27","1,386.63",-,1.36%
29-Feb-16,1391.74,"1,392.28","1,393.55","1,370.63",-,0.16%
26-Feb-16,1389.51,"1,384.75","1,407.60","1,384.40",-,0.60%
25-Feb-16,1381.24,"1,352.98","1,384.54","1,352.23",-,2.07%
24-Feb-16,1353.26,"1,381.87","1,381.89","1,345.70",-,-2.35%
23-Feb-16,1385.83,"1,404.99","1,405.49","1,381.48",-,-1.31%
22-Feb-16,1404.29,"1,386.59","1,409.90","1,386.58",-,1.03%
19-Feb-16,1389.95,"1,400.36","1,404.44","1,380.88",-,-0.74%
18-Feb-16,1400.30,"1,406.44","1,416.06","1,395.04",-,-0.39%
17-Feb-16,1405.81,"1,372.68","1,407.51","1,371.38",-,2.55%
16-Feb-16,1370.89,"1,377.60","1,389.65","1,363.03",-,-0.43%
15-Feb-16,1376.79,"1,347.80","1,386.43","1,347.76",-,2.05%
12-Feb-16,1349.09,"1,320.43","1,352.05","1,319.59",-,2.08%
11-Feb-16,1321.56,"1,363.75","1,363.75","1,315.81",-,-2.44%
10-Feb-16,1354.68,"1,341.91","1,372.50","1,340.83",-,0.77%
9-Feb-16,1344.30,"1,351.44","1,359.30","1,328.12",-,-0.19%
8-Feb-16,1346.88,"1,395.69","1,401.80","1,346.88",-,-3.40%
5-Feb-16,1394.31,"1,409.56","1,419.83","1,392.23",-,-1.05%
4-Feb-16,1409.08,"1,398.95","1,421.36","1,397.07",-,0.96%
3-Feb-16,1395.62,"1,399.07","1,408.18","1,382.75",-,-0.18%
2-Feb-16,1398.16,"1,428.36","1,428.36","1,392.61",-,-2.06%
1-Feb-16,1427.52,"1,431.95","1,431.95","1,413.52",-,0.43%
29-Jan-16,1421.36,"1,403.02","1,424.61","1,403.02",-,1.10%
28-Jan-16,1405.83,"1,418.82","1,425.13","1,397.50",-,-0.93%
27-Jan-16,1419.04,"1,413.07","1,422.68","1,400.18",-,0.56%
26-Jan-16,1411.10,"1,392.38","1,413.21","1,372.14",-,1.03%
25-Jan-16,1396.76,"1,408.31","1,408.31","1,390.48",-,-0.34%
22-Jan-16,1401.49,"1,366.33","1,412.12","1,366.33",-,2.23%
21-Jan-16,1370.89,"1,346.68","1,371.56","1,344.00",-,1.86%
20-Jan-16,1345.81,"1,393.52","1,393.52","1,338.19",-,-3.54%
19-Jan-16,1395.23,"1,373.21","1,401.78","1,373.21",-,1.81%
18-Jan-16,1370.43,"1,377.74","1,391.74","1,367.51",-,-0.90%
15-Jan-16,1382.93,"1,413.53","1,414.97","1,378.35",-,-2.09%
14-Jan-16,1412.51,"1,429.55","1,429.55","1,395.39",-,-1.43%
13-Jan-16,1433.04,"1,426.67","1,447.62","1,426.67",-,0.42%
12-Jan-16,1427.06,"1,416.89","1,438.99","1,415.20",-,0.67%
11-Jan-16,1417.52,"1,419.96","1,435.08","1,416.06",-,-0.37%
8-Jan-16,1422.83,"1,444.86","1,454.93","1,421.25",-,-1.60%
7-Jan-16,1445.92,"1,458.87","1,458.87","1,414.59",-,-0.93%
6-Jan-16,1459.48,"1,474.43","1,474.43","1,448.76",-,-1.13%
5-Jan-16,1476.12,"1,488.56","1,493.57","1,464.56",-,-0.16%
4-Jan-16,1478.42,"1,516.74","1,516.74","1,468.88",-,-2.90%
1-Jan-16,1522.65,"1,522.65","1,522.65","1,522.65",-,-0.03%
31-Dec-15,1523.17,"1,539.70","1,539.70","1,521.79",-,-0.91%
30-Dec-15,1537.11,"1,549.20","1,550.26","1,537.11",-,-0.72%
29-Dec-15,1548.19,"1,535.70","1,551.26","1,535.70",-,0.96%
28-Dec-15,1533.47,"1,538.23","1,540.79","1,532.47",-,-0.37%
25-Dec-15,1539.13,"1,539.13","1,539.13","1,539.13",-,0.01%
24-Dec-15,1539.01,"1,536.04","1,539.52","1,534.97",-,0.60%
23-Dec-15,1529.77,"1,501.16","1,531.46","1,501.16",-,2.00%
22-Dec-15,1499.84,"1,494.84","1,504.63","1,489.35",-,0.43%
21-Dec-15,1493.45,"1,500.42","1,514.65","1,492.72",-,-0.46%
18-Dec-15,1500.34,"1,518.82","1,518.82","1,497.62",-,-0.80%
17-Dec-15,1512.37,"1,507.73","1,534.86","1,507.73",-,-0.08%
16-Dec-15,1513.54,"1,507.29","1,519.58","1,502.84",-,0.61%
15-Dec-15,1504.41,"1,479.74","1,510.80","1,479.74",-,1.99%
14-Dec-15,1475.09,"1,495.19","1,508.41","1,474.80",-,-1.60%
11-Dec-15,1499.14,"1,523.25","1,523.25","1,496.84",-,-1.58%
10-Dec-15,1523.18,"1,533.83","1,534.27","1,521.49",-,-0.83%
9-Dec-15,1535.94,"1,530.54","1,543.22","1,519.46",-,0.52%
8-Dec-15,1528.03,"1,550.82","1,550.82","1,522.30",-,-1.30%
7-Dec-15,1548.21,"1,552.14","1,561.56","1,547.04",-,0.12%
4-Dec-15,1546.28,"1,553.43","1,553.43","1,540.71",-,-0.21%
3-Dec-15,1549.46,"1,561.11","1,576.13","1,549.46",-,-0.65%
2-Dec-15,1559.65,"1,568.70","1,573.89","1,556.98",-,-0.35%
1-Dec-15,1565.09,"1,569.66","1,574.11","1,563.85",-,0.09%
30-Nov-15,1563.66,"1,558.87","1,568.54","1,552.90",-,0.10%
27-Nov-15,1562.11,"1,562.52","1,566.75","1,559.00",-,-0.45%
26-Nov-15,1569.13,"1,552.60","1,569.13","1,552.60",-,1.10%
25-Nov-15,1551.99,"1,540.89","1,557.09","1,540.77",-,1.01%
24-Nov-15,1536.49,"1,548.30","1,548.30","1,526.85",-,-0.99%
23-Nov-15,1551.90,"1,556.19","1,557.15","1,545.28",-,-0.86%
20-Nov-15,1565.31,"1,572.47","1,573.02","1,560.33",-,-0.40%
19-Nov-15,1571.67,"1,559.33","1,576.99","1,559.33",-,1.28%
18-Nov-15,1551.79,"1,553.82","1,554.77","1,544.65",-,-0.14%
17-Nov-15,1553.99,"1,518.93","1,553.99","1,518.65",-,1.89%
16-Nov-15,1525.21,"1,525.23","1,529.78","1,513.86",-,0.15%
13-Nov-15,1522.95,"1,537.37","1,538.03","1,516.59",-,-1.05%
12-Nov-15,1539.10,"1,562.31","1,562.31","1,538.67",-,-1.41%
11-Nov-15,1561.12,"1,556.77","1,569.02","1,555.95",-,0.96%
10-Nov-15,1546.29,"1,559.28","1,559.28","1,539.87",-,-0.40%
9-Nov-15,1552.47,"1,572.74","1,574.90","1,552.47",-,-1.06%
6-Nov-15,1569.16,"1,582.02","1,582.02","1,555.72",-,-0.86%
5-Nov-15,1582.81,"1,587.58","1,596.58","1,580.15",-,-0.43%
4-Nov-15,1589.58,"1,593.61","1,608.96","1,587.91",-,-0.30%
3-Nov-15,1594.41,"1,598.44","1,599.15","1,585.32",-,-0.29%
2-Nov-15,1599.01,"1,591.14","1,603.50","1,584.27",-,0.23%
30-Oct-15,1595.40,"1,589.40","1,595.40","1,585.15",-,0.70%
29-Oct-15,1584.34,"1,585.76","1,585.76","1,575.63",-,-1.01%
28-Oct-15,1600.56,"1,581.11","1,603.72","1,579.94",-,1.22%
27-Oct-15,1581.27,"1,597.51","1,597.51","1,579.82",-,-1.06%
26-Oct-15,1598.18,"1,602.65","1,602.65","1,594.34",-,-0.24%
23-Oct-15,1602.09,"1,587.19","1,616.56","1,587.19",-,0.79%
22-Oct-15,1589.48,"1,577.71","1,592.15","1,576.40",-,0.33%
21-Oct-15,1584.18,"1,581.44","1,590.72","1,575.69",-,0.09%
20-Oct-15,1582.77,"1,587.23","1,592.66","1,579.02",-,-0.18%
19-Oct-15,1585.65,"1,590.21","1,599.02","1,583.76",-,-0.33%
16-Oct-15,1590.90,"1,582.75","1,594.51","1,582.75",-,0.52%
15-Oct-15,1582.67,"1,573.67","1,587.37","1,573.67",-,1.00%
14-Oct-15,1566.97,"1,574.76","1,577.27","1,559.88",-,-0.21%
13-Oct-15,1570.26,"1,585.93","1,585.93","1,561.09",-,-0.92%
12-Oct-15,1584.91,"1,589.45","1,595.57","1,580.46",-,-0.12%
9-Oct-15,1586.80,"1,574.07","1,598.30","1,574.07",-,1.09%
8-Oct-15,1569.74,"1,561.84","1,571.15","1,559.43",-,0.56%
7-Oct-15,1561.05,"1,562.14","1,577.14","1,560.43",-,0.03%
6-Oct-15,1560.65,"1,541.25","1,563.62","1,534.08",-,1.10%
5-Oct-15,1543.67,"1,509.40","1,545.32","1,509.40",-,2.50%
2-Oct-15,1505.95,"1,497.75","1,508.82","1,487.87",-,1.13%
1-Oct-15,1489.07,"1,488.74","1,510.55","1,485.27",-,-0.08%
30-Sep-15,1490.22,"1,460.43","1,498.01","1,460.43",-,2.04%
29-Sep-15,1460.39,"1,472.61","1,472.96","1,450.98",-,-0.53%
28-Sep-15,1468.15,"1,491.21","1,496.53","1,467.30",-,-1.96%
25-Sep-15,1497.57,"1,459.16","1,502.15","1,459.16",-,1.82%
24-Sep-15,1470.87,"1,489.73","1,494.29","1,464.83",-,-0.89%
23-Sep-15,1484.09,"1,481.55","1,498.14","1,476.53",-,0.19%
22-Sep-15,1481.32,"1,535.36","1,536.84","1,480.43",-,-3.70%
21-Sep-15,1538.19,"1,540.82","1,553.25","1,538.19",-,-0.77%
18-Sep-15,1550.14,"1,580.88","1,581.49","1,545.23",-,-1.34%
17-Sep-15,1571.19,"1,570.06","1,576.70","1,568.62",-,-0.02%
16-Sep-15,1571.52,"1,544.53","1,573.22","1,543.02",-,1.76%
15-Sep-15,1544.40,"1,534.73","1,550.24","1,529.27",-,0.66%
14-Sep-15,1534.20,"1,554.58","1,564.69","1,533.67",-,-0.55%
11-Sep-15,1542.62,"1,554.97","1,558.63","1,539.27",-,-0.44%
10-Sep-15,1549.51,"1,564.35","1,564.35","1,542.64",-,-0.78%
9-Sep-15,1561.65,"1,540.84","1,577.41","1,540.46",-,1.19%
8-Sep-15,1543.35,"1,528.94","1,555.54","1,528.94",-,1.42%
7-Sep-15,1521.68,"1,511.53","1,530.84","1,511.31",-,0.87%
4-Sep-15,1508.51,"1,549.19","1,549.41","1,507.16",-,-2.40%
3-Sep-15,1545.59,"1,527.10","1,554.78","1,527.10",-,1.15%
2-Sep-15,1528.04,"1,528.57","1,541.37","1,521.25",-,0.00%
1-Sep-15,1528.10,"1,572.22","1,573.80","1,518.92",-,-2.32%
31-Aug-15,1564.40,"1,573.33","1,573.33","1,558.04",-,-0.29%
28-Aug-15,1568.96,"1,567.09","1,574.09","1,556.17",-,0.36%
27-Aug-15,1563.30,"1,528.77","1,571.18","1,527.41",-,1.80%
26-Aug-15,1535.62,"1,572.39","1,572.39","1,531.55",-,-1.86%
25-Aug-15,1564.80,"1,525.62","1,580.53","1,525.62",-,2.68%
24-Aug-15,1523.97,"1,584.70","1,587.81","1,494.73",-,-3.18%
21-Aug-15,1574.01,"1,619.92","1,619.92","1,574.01",-,-2.27%
20-Aug-15,1610.57,"1,631.78","1,631.78","1,609.04",-,-0.75%
19-Aug-15,1622.70,"1,652.79","1,652.79","1,622.47",-,-1.61%
18-Aug-15,1649.22,"1,651.40","1,655.52","1,647.53",-,-0.19%
17-Aug-15,1652.28,"1,655.43","1,668.03","1,642.91",-,-0.07%
14-Aug-15,1653.49,"1,662.36","1,668.52","1,652.97",-,-0.31%
13-Aug-15,1658.70,"1,646.22","1,673.00","1,646.22",-,0.35%
12-Aug-15,1652.99,"1,679.16","1,679.16","1,647.15",-,-1.44%
11-Aug-15,1677.22,"1,693.90","1,697.13","1,673.69",-,-1.01%
10-Aug-15,1694.29,"1,685.63","1,697.30","1,670.57",-,1.06%
7-Aug-15,1676.56,"1,685.74","1,686.96","1,672.78",-,-0.63%
6-Aug-15,1687.25,"1,694.47","1,695.20","1,686.80",-,-0.36%
5-Aug-15,1693.36,"1,679.16","1,698.86","1,679.16",-,0.47%
4-Aug-15,1685.51,"1,686.79","1,690.14","1,679.55",-,-0.30%
3-Aug-15,1690.52,"1,683.44","1,692.14","1,680.10",-,0.09%
31-Jul-15,1689.05,"1,674.74","1,691.62","1,669.31",-,1.14%
30-Jul-15,1670.04,"1,673.76","1,678.62","1,660.24",-,-0.36%
29-Jul-15,1676.07,"1,665.77","1,676.22","1,664.73",-,0.97%
28-Jul-15,1659.98,"1,651.59","1,666.26","1,650.83",-,0.47%
27-Jul-15,1652.29,"1,671.71","1,671.71","1,651.80",-,-0.98%
24-Jul-15,1668.65,"1,684.94","1,688.09","1,668.02",-,-1.01%
23-Jul-15,1685.74,"1,691.47","1,698.98","1,683.95",-,0.26%
22-Jul-15,1681.40,"1,697.55","1,697.55","1,678.62",-,-1.02%
21-Jul-15,1698.65,"1,702.69","1,704.47","1,694.64",-,-0.37%
20-Jul-15,1704.90,"1,697.86","1,710.03","1,697.86",-,0.37%
17-Jul-15,1698.68,"1,708.53","1,709.32","1,695.80",-,-0.43%
16-Jul-15,1706.00,"1,693.19","1,708.32","1,693.19",-,0.87%
15-Jul-15,1691.35,"1,693.71","1,699.25","1,688.71",-,0.00%
14-Jul-15,1691.39,"1,678.72","1,693.33","1,675.99",-,0.41%
13-Jul-15,1684.54,"1,687.04","1,697.53","1,682.35",-,0.46%
10-Jul-15,1676.86,"1,638.43","1,681.80","1,638.43",-,3.21%
9-Jul-15,1624.64,"1,600.65","1,627.84","1,600.65",-,2.01%
8-Jul-15,1592.57,"1,580.38","1,596.42","1,579.31",-,1.31%
7-Jul-15,1571.98,"1,614.11","1,616.54","1,571.98",-,-2.82%
6-Jul-15,1617.57,"1,626.36","1,627.05","1,608.85",-,-1.48%
3-Jul-15,1641.80,"1,650.00","1,652.70","1,636.07",-,-0.57%
2-Jul-15,1651.18,"1,655.04","1,660.88","1,649.81",-,-0.37%
1-Jul-15,1657.31,"1,646.04","1,671.02","1,641.06",-,1.12%
30-Jun-15,1638.88,"1,655.67","1,669.47","1,637.75",-,-1.41%
29-Jun-15,1662.32,"1,667.43","1,680.63","1,643.53",-,-2.62%
26-Jun-15,1706.99,"1,707.52","1,719.33","1,699.36",-,-0.35%
25-Jun-15,1712.97,"1,708.89","1,727.07","1,708.18",-,-0.22%
24-Jun-15,1716.76,"1,727.85","1,731.82","1,713.03",-,-0.34%
23-Jun-15,1722.66,"1,729.87","1,735.16","1,721.23",-,-0.75%
22-Jun-15,1735.71,"1,714.24","1,736.81","1,712.25",-,2.89%
19-Jun-15,1686.99,"1,686.16","1,699.82","1,683.81",-,-0.31%
18-Jun-15,1692.22,"1,676.44","1,693.81","1,665.68",-,1.66%
17-Jun-15,1664.63,"1,674.27","1,682.91","1,664.09",-,-0.46%
16-Jun-15,1672.33,"1,668.23","1,675.94","1,653.01",-,0.47%
15-Jun-15,1664.56,"1,680.66","1,680.66","1,659.75",-,-1.75%
12-Jun-15,1694.14,"1,701.61","1,703.75","1,680.38",-,-0.63%
11-Jun-15,1704.84,"1,698.74","1,715.10","1,697.98",-,-0.06%
10-Jun-15,1705.89,"1,673.00","1,711.80","1,669.34",-,2.35%
9-Jun-15,1666.73,"1,678.79","1,678.79","1,655.28",-,-0.06%
8-Jun-15,1667.69,"1,672.54","1,677.92","1,662.51",-,-0.08%
5-Jun-15,1669.03,"1,699.31","1,699.31","1,661.97",-,-2.41%
4-Jun-15,1710.33,"1,715.38","1,724.50","1,695.16",-,-0.70%
3-Jun-15,1722.34,"1,710.66","1,727.87","1,700.45",-,1.10%
2-Jun-15,1703.59,"1,694.44","1,709.37","1,675.90",-,1.07%
1-Jun-15,1685.53,"1,694.67","1,703.25","1,683.24",-,-0.48%
29-May-15,1693.60,"1,717.70","1,720.36","1,692.30",-,-1.32%
28-May-15,1716.25,"1,723.52","1,725.89","1,706.21",-,-0.12%
27-May-15,1718.23,"1,704.52","1,721.74","1,698.59",-,1.12%
26-May-15,1699.14,"1,715.65","1,722.12","1,695.59",-,-1.92%
25-May-15,1732.35,"1,736.00","1,736.00","1,725.06",-,-0.28%
22-May-15,1737.15,"1,757.07","1,760.85","1,736.50",-,-0.93%
21-May-15,1753.39,"1,742.79","1,755.54","1,741.10",-,0.55%
20-May-15,1743.78,"1,734.03","1,745.90","1,732.80",-,0.20%
19-May-15,1740.28,"1,745.09","1,750.67","1,736.39",-,-0.47%
18-May-15,1748.50,"1,748.30","1,754.67","1,735.46",-,-0.24%
15-May-15,1752.79,"1,762.56","1,762.56","1,743.13",-,0.08%
14-May-15,1751.36,"1,738.80","1,753.73","1,731.58",-,0.87%
13-May-15,1736.33,"1,727.94","1,743.95","1,726.95",-,0.73%
12-May-15,1723.81,"1,731.10","1,731.10","1,713.63",-,-0.46%
11-May-15,1731.79,"1,732.19","1,736.11","1,724.83",-,-0.30%
8-May-15,1737.06,"1,704.81","1,741.27","1,704.81",-,2.44%
7-May-15,1695.65,"1,702.59","1,702.59","1,683.26",-,-0.84%
6-May-15,1709.97,"1,702.53","1,714.50","1,695.71",-,0.90%
5-May-15,1694.77,"1,713.10","1,722.66","1,693.89",-,-1.19%
4-May-15,1715.20,"1,709.24","1,721.73","1,703.69",-,-0.01%
1-May-15,1715.34,"1,723.07","1,724.28","1,709.12",-,-0.14%
30-Apr-15,1717.70,"1,710.80","1,723.97","1,701.51",-,0.11%
29-Apr-15,1715.84,"1,729.19","1,737.38","1,713.87",-,-0.71%
28-Apr-15,1728.12,"1,732.03","1,734.21","1,716.71",-,-0.62%
27-Apr-15,1738.82,"1,720.13","1,744.54","1,705.73",-,1.16%
24-Apr-15,1718.88,"1,716.94","1,727.52","1,705.67",-,0.87%
23-Apr-15,1704.06,"1,694.98","1,705.88","1,681.77",-,0.27%
22-Apr-15,1699.44,"1,711.66","1,715.61","1,691.36",-,-0.19%
21-Apr-15,1702.67,"1,692.20","1,707.77","1,688.89",-,0.39%
20-Apr-15,1695.99,"1,692.08","1,701.96","1,687.74",-,0.60%
17-Apr-15,1685.82,"1,708.21","1,720.68","1,684.17",-,-1.07%
16-Apr-15,1704.13,"1,711.68","1,713.43","1,702.49",-,0.11%
15-Apr-15,1702.21,"1,699.42","1,712.45","1,699.08",-,-0.19%
14-Apr-15,1705.49,"1,690.73","1,705.49","1,684.04",-,0.72%
13-Apr-15,1693.35,"1,694.37","1,697.02","1,684.54",-,-0.35%
10-Apr-15,1699.24,"1,690.80","1,699.24","1,684.86",-,0.44%
9-Apr-15,1691.78,"1,694.24","1,700.32","1,687.04",-,0.03%
8-Apr-15,1691.26,"1,699.21","1,709.52","1,690.48",-,-0.66%
7-Apr-15,1702.57,"1,694.95","1,706.38","1,690.14",-,0.28%
6-Apr-15,1697.79,"1,697.79","1,697.79","1,697.79",-,1.18%
3-Apr-15,1677.93,"1,677.93","1,677.93","1,677.93",-,0.00%
2-Apr-15,1677.93,"1,667.86","1,681.29","1,666.39",-,0.95%
1-Apr-15,1662.13,"1,653.22","1,671.60","1,649.58",-,0.49%
31-Mar-15,1654.00,"1,674.18","1,675.53","1,649.11",-,-1.50%
30-Mar-15,1679.20,"1,671.20","1,683.64","1,669.35",-,0.54%
27-Mar-15,1670.22,"1,662.25","1,675.45","1,658.72",-,-0.01%
26-Mar-15,1670.31,"1,689.61","1,689.72","1,657.99",-,-1.45%
25-Mar-15,1694.85,"1,702.91","1,707.46","1,690.33",-,-0.38%
24-Mar-15,1701.34,"1,698.54","1,714.79","1,696.21",-,0.09%
23-Mar-15,1699.87,"1,690.19","1,702.56","1,677.27",-,0.54%
20-Mar-15,1690.70,"1,657.99","1,700.64","1,655.86",-,2.45%
19-Mar-15,1650.24,"1,652.14","1,665.81","1,646.00",-,0.36%
18-Mar-15,1644.36,"1,632.12","1,648.52","1,629.54",-,0.72%
17-Mar-15,1632.57,"1,645.41","1,646.79","1,626.75",-,-0.43%
16-Mar-15,1639.57,"1,620.16","1,645.01","1,620.16",-,1.48%
13-Mar-15,1615.68,"1,627.21","1,628.88","1,608.08",-,-0.61%
12-Mar-15,1625.57,"1,630.23","1,636.81","1,621.28",-,0.34%
11-Mar-15,1620.00,"1,616.54","1,623.87","1,610.83",-,0.26%
10-Mar-15,1615.86,"1,646.15","1,647.64","1,615.86",-,-2.22%
9-Mar-15,1652.57,"1,658.38","1,659.67","1,648.05",-,-0.38%
6-Mar-15,1658.86,"1,681.76","1,682.36","1,656.88",-,-1.44%
5-Mar-15,1683.14,"1,674.71","1,687.28","1,674.71",-,0.42%
4-Mar-15,1676.18,"1,680.77","1,685.06","1,665.84",-,-0.27%
3-Mar-15,1680.77,"1,700.28","1,702.03","1,680.77",-,-1.02%
2-Mar-15,1698.16,"1,698.22","1,707.12","1,694.17",-,-0.43%
27-Feb-15,1705.44,"1,700.27","1,706.29","1,694.66",-,0.43%
26-Feb-15,1698.12,"1,704.03","1,709.58","1,693.13",-,-0.27%
25-Feb-15,1702.69,"1,706.48","1,707.74","1,696.48",-,0.06%
24-Feb-15,1701.72,"1,693.43","1,704.39","1,686.40",-,0.40%
23-Feb-15,1694.88,"1,683.73","1,694.88","1,679.54",-,0.59%
20-Feb-15,1684.96,"1,679.81","1,686.06","1,667.22",-,0.04%
19-Feb-15,1684.36,"1,679.93","1,686.54","1,674.74",-,0.49%
18-Feb-15,1676.15,"1,666.66","1,680.05","1,666.66",-,0.52%
17-Feb-15,1667.42,"1,654.23","1,671.67","1,644.46",-,0.11%
16-Feb-15,1665.66,"1,669.58","1,670.28","1,660.52",-,-0.12%
13-Feb-15,1667.63,"1,664.06","1,671.56","1,662.98",-,0.89%
12-Feb-15,1652.95,"1,633.71","1,658.08","1,633.09",-,1.29%
11-Feb-15,1631.96,"1,638.54","1,639.45","1,627.41",-,-0.42%
10-Feb-15,1638.91,"1,631.25","1,640.31","1,621.96",-,0.48%
9-Feb-15,1631.07,"1,633.08","1,634.70","1,615.57",-,-0.78%
6-Feb-15,1643.85,"1,656.12","1,656.66","1,640.97",-,-0.54%
5-Feb-15,1652.71,"1,636.72","1,653.91","1,633.20",-,0.16%
4-Feb-15,1650.05,"1,651.06","1,651.83","1,640.27",-,0.26%
3-Feb-15,1645.73,"1,621.56","1,650.73","1,620.31",-,1.76%
2-Feb-15,1617.26,"1,608.28","1,618.19","1,603.76",-,0.64%
30-Jan-15,1606.97,"1,625.43","1,628.49","1,605.15",-,-0.96%
29-Jan-15,1622.62,"1,619.09","1,623.57","1,605.56",-,-0.16%
28-Jan-15,1625.18,"1,627.93","1,635.92","1,619.36",-,-0.43%
27-Jan-15,1632.21,"1,627.34","1,633.28","1,617.96",-,0.29%
26-Jan-15,1627.57,"1,613.45","1,631.80","1,605.86",-,0.61%
23-Jan-15,1617.65,"1,603.79","1,623.34","1,602.85",-,0.28%
22-Jan-15,1613.06,"1,613.83","1,622.05","1,604.07",-,0.18%
21-Jan-15,1610.22,"1,598.46","1,611.57","1,593.26",-,0.77%
20-Jan-15,1597.86,"1,591.01","1,607.18","1,591.01",-,0.29%
19-Jan-15,1593.31,"1,574.74","1,599.91","1,573.10",-,1.36%
16-Jan-15,1571.98,"1,579.47","1,579.96","1,556.77",-,0.39%
15-Jan-15,1565.87,"1,549.95","1,599.06","1,510.36",-,0.94%
14-Jan-15,1551.29,"1,574.72","1,577.72","1,548.38",-,-1.47%
13-Jan-15,1574.38,"1,555.87","1,575.82","1,553.55",-,1.10%
12-Jan-15,1557.18,"1,556.47","1,563.94","1,545.74",-,0.43%
9-Jan-15,1550.51,"1,564.04","1,570.48","1,543.89",-,-1.00%
8-Jan-15,1566.16,"1,537.34","1,569.74","1,537.34",-,2.69%
7-Jan-15,1525.06,"1,533.13","1,541.64","1,523.43",-,-0.48%
6-Jan-15,1532.48,"1,547.90","1,551.17","1,529.43",-,-0.82%
5-Jan-15,1545.22,"1,579.31","1,591.29","1,542.63",-,-2.99%
2-Jan-15,1592.83,"1,609.76","1,613.11","1,587.20",-,-0.95%
1-Jan-15,1608.15,"1,608.15","1,608.15","1,608.15",-,0.00%
31-Dec-14,1608.15,"1,609.75","1,614.65","1,607.55",-,-0.10%
30-Dec-14,1609.73,"1,622.10","1,622.10","1,609.61",-,-1.12%
29-Dec-14,1628.00,"1,629.29","1,631.67","1,615.68",-,0.15%
26-Dec-14,1625.54,"1,625.54","1,625.54","1,625.54",-,-0.10%
25-Dec-14,1627.12,"1,627.12","1,627.12","1,627.12",-,0.00%
24-Dec-14,1627.12,"1,625.94","1,630.44","1,625.94",-,0.07%
23-Dec-14,1626.00,"1,622.43","1,632.15","1,621.63",-,-0.04%
22-Dec-14,1626.68,"1,623.94","1,634.24","1,622.57",-,0.45%
19-Dec-14,1619.33,"1,616.95","1,629.28","1,605.14",-,0.26%
18-Dec-14,1615.09,"1,571.70","1,617.15","1,571.51",-,1.98%
17-Dec-14,1583.72,"1,594.22","1,594.22","1,573.95",-,-0.76%
16-Dec-14,1595.78,"1,563.00","1,597.14","1,546.55",-,2.50%
15-Dec-14,1556.84,"1,595.73","1,605.33","1,556.84",-,-2.55%
12-Dec-14,1597.50,"1,623.94","1,625.42","1,597.50",-,-2.01%
11-Dec-14,1630.25,"1,639.50","1,643.68","1,626.00",-,-0.25%
10-Dec-14,1634.32,"1,638.20","1,648.28","1,633.28",-,-0.44%
9-Dec-14,1641.60,"1,663.59","1,663.59","1,637.73",-,-1.24%
8-Dec-14,1662.23,"1,671.90","1,671.90","1,659.74",-,-0.76%
5-Dec-14,1674.96,"1,658.41","1,677.64","1,658.40",-,0.61%
4-Dec-14,1664.79,"1,670.61","1,678.39","1,658.05",-,-0.40%
3-Dec-14,1671.47,"1,670.76","1,674.64","1,667.17",-,-0.12%
2-Dec-14,1673.53,"1,671.97","1,686.55","1,670.18",-,-0.06%
1-Dec-14,1674.60,"1,674.16","1,678.59","1,663.10",-,-0.39%
28-Nov-14,1681.09,"1,682.00","1,682.30","1,668.92",-,-0.20%
27-Nov-14,1684.42,"1,685.25","1,689.29","1,679.42",-,-0.09%
26-Nov-14,1686.00,"1,678.31","1,688.19","1,677.92",-,0.35%
25-Nov-14,1680.05,"1,668.01","1,680.06","1,666.55",-,0.55%
24-Nov-14,1670.82,"1,664.06","1,674.11","1,662.50",-,0.31%
21-Nov-14,1665.73,"1,651.85","1,667.15","1,649.30",-,1.04%
20-Nov-14,1648.54,"1,651.46","1,653.27","1,638.21",-,-0.26%
19-Nov-14,1652.78,"1,650.32","1,659.95","1,647.43",-,0.05%
18-Nov-14,1651.89,"1,636.99","1,653.15","1,635.63",-,1.21%
17-Nov-14,1632.16,"1,623.10","1,634.60","1,617.51",-,0.30%
14-Nov-14,1627.33,"1,627.37","1,633.89","1,613.98",-,-0.03%
13-Nov-14,1627.86,"1,626.85","1,634.00","1,616.34",-,0.19%
12-Nov-14,1624.81,"1,643.75","1,644.89","1,620.33",-,-0.73%
11-Nov-14,1636.78,"1,629.38","1,640.25","1,628.74",-,0.23%
10-Nov-14,1633.08,"1,624.69","1,634.28","1,621.48",-,0.95%
7-Nov-14,1617.71,"1,623.08","1,629.37","1,611.72",-,-0.67%
6-Nov-14,1628.60,"1,627.12","1,637.67","1,619.95",-,-0.17%
5-Nov-14,1631.43,"1,609.81","1,632.44","1,609.28",-,1.00%
4-Nov-14,1615.23,"1,621.62","1,631.45","1,612.16",-,-0.37%
3-Nov-14,1621.16,"1,635.99","1,638.93","1,618.97",-,-1.16%
31-Oct-14,1640.22,"1,618.11","1,644.51","1,617.19",-,1.07%
30-Oct-14,1622.80,"1,610.81","1,623.79","1,592.55",-,-0.52%
29-Oct-14,1631.32,"1,625.71","1,638.56","1,624.49",-,0.31%
28-Oct-14,1626.22,"1,606.59","1,627.35","1,606.00",-,1.22%
27-Oct-14,1606.62,"1,625.40","1,628.02","1,595.44",-,-0.28%
24-Oct-14,1611.10,"1,614.94","1,615.46","1,603.41",-,-0.17%
23-Oct-14,1613.92,"1,596.20","1,615.44","1,582.21",-,0.54%
22-Oct-14,1605.26,"1,603.60","1,605.88","1,589.28",-,0.21%
21-Oct-14,1601.91,"1,576.74","1,602.06","1,572.26",-,1.68%
20-Oct-14,1575.41,"1,578.40","1,582.83","1,564.26",-,-0.45%
17-Oct-14,1582.46,"1,544.14","1,583.60","1,541.87",-,2.67%
16-Oct-14,1541.36,"1,550.01","1,566.31","1,504.63",-,-0.29%
15-Oct-14,1545.77,"1,583.89","1,583.89","1,545.77",-,-2.47%
14-Oct-14,1584.87,"1,584.76","1,588.45","1,561.06",-,-0.13%
13-Oct-14,1586.97,"1,575.90","1,597.00","1,570.31",-,0.45%